── Attaching core tidyverse packages ──────────────────────── tidyverse 2.0.0 ──
✔ dplyr     1.1.4     ✔ readr     2.1.5
✔ forcats   1.0.0     ✔ stringr   1.5.1
✔ ggplot2   3.5.1     ✔ tibble    3.2.1
✔ lubridate 1.9.3     ✔ tidyr     1.3.1
✔ purrr     1.0.4     
── Conflicts ────────────────────────────────────────── tidyverse_conflicts() ──
✖ dplyr::between()     masks data.table::between()
✖ dplyr::filter()      masks stats::filter()
✖ dplyr::first()       masks data.table::first()
✖ lubridate::hour()    masks data.table::hour()
✖ lubridate::isoweek() masks data.table::isoweek()
✖ dplyr::lag()         masks stats::lag()
✖ dplyr::last()        masks data.table::last()
✖ lubridate::mday()    masks data.table::mday()
✖ lubridate::minute()  masks data.table::minute()
✖ lubridate::month()   masks data.table::month()
✖ lubridate::quarter() masks data.table::quarter()
✖ lubridate::second()  masks data.table::second()
✖ purrr::transpose()   masks data.table::transpose()
✖ lubridate::wday()    masks data.table::wday()
✖ lubridate::week()    masks data.table::week()
✖ lubridate::yday()    masks data.table::yday()
✖ lubridate::year()    masks data.table::year()
ℹ Use the conflicted package (<http://conflicted.r-lib.org/>) to force all conflicts to become errors

Attaching package: ‘ape’

The following object is masked from ‘package:dplyr’:

    where

Loading required package: phytools
Loading required package: maps

Attaching package: ‘maps’

The following object is masked from ‘package:purrr’:

    map

Loading required package: Matrix

Attaching package: ‘Matrix’

The following objects are masked from ‘package:tidyr’:

    expand, pack, unpack

Online License checked out Thu Oct  2 10:53:47 2025
Loading ASReml-R version 4.2

[1] "start loading data"
[1] "trait data loaded"
[1] "master table loaded"
[1] "phyloK loaded"
[1] "tree loaded"
                                                     assemblyID  envPC_1
10wheat_assembly_jagger                 10wheat_assembly_jagger -1.52170
10wheat_assembly_stanley               10wheat_assembly_stanley -1.52170
10wheat_assembly_lancer                 10wheat_assembly_lancer -1.52170
Triticum_aestivum_Claire_EIv1.1 Triticum_aestivum_Claire_EIv1.1 -1.52170
WEW_v2.1                                               WEW_v2.1 -0.58086
Svevo.v1                                               Svevo.v1 -1.47333
[1] "modeling start"
                   OG              BIC_full           BIC_reduced 
          "OG0000327"    "137.771811507045"    "107.264282775569" 
                   LR                     p              phyloVAE 
   "3.12962989277834"   "0.680008585191433"   "0.961290917695395" 
             totalVar      partialCoeff_PAV     partialCoeff_dNdS 
   "1.08996569427826"   "0.113745270600409" "-0.0357371027967083" 
    partialCoeff_ESM2 partialCoeff_plantCad      partialCoeff_PMS 
"-0.0433051099895783" "0.00954079058594472"  "-0.118797021395536" 
         partialP_PAV         partialP_dNdS         partialP_ESM2 
  "0.430147562459271"   "0.107507029227095"  "0.0572068506076556" 
    partialP_plantCad          partialP_PMS 
  "0.784002376565359"   "0.571536179936683" 
[1] "perOG modeling start"
Terms with zero df listed in attribute 'zerodf' of the wald table.
Terms with zero df listed in attribute 'zerodf' of the wald table.
Terms with zero df listed in attribute 'zerodf' of the wald table.
Terms with zero df listed in attribute 'zerodf' of the wald table.
Terms with zero df listed in attribute 'zerodf' of the wald table.
Terms with zero df listed in attribute 'zerodf' of the wald table.
Terms with zero df listed in attribute 'zerodf' of the wald table.
Terms with zero df listed in attribute 'zerodf' of the wald table.
Terms with zero df listed in attribute 'zerodf' of the wald table.
Terms with zero df listed in attribute 'zerodf' of the wald table.
Terms with zero df listed in attribute 'zerodf' of the wald table.
Terms with zero df listed in attribute 'zerodf' of the wald table.
Terms with zero df listed in attribute 'zerodf' of the wald table.
Terms with zero df listed in attribute 'zerodf' of the wald table.
Terms with zero df listed in attribute 'zerodf' of the wald table.
Terms with zero df listed in attribute 'zerodf' of the wald table.
Terms with zero df listed in attribute 'zerodf' of the wald table.
Terms with zero df listed in attribute 'zerodf' of the wald table.
Terms with zero df listed in attribute 'zerodf' of the wald table.
Terms with zero df listed in attribute 'zerodf' of the wald table.
Terms with zero df listed in attribute 'zerodf' of the wald table.
Terms with zero df listed in attribute 'zerodf' of the wald table.
Terms with zero df listed in attribute 'zerodf' of the wald table.
Terms with zero df listed in attribute 'zerodf' of the wald table.
Terms with zero df listed in attribute 'zerodf' of the wald table.
Terms with zero df listed in attribute 'zerodf' of the wald table.
Terms with zero df listed in attribute 'zerodf' of the wald table.
Terms with zero df listed in attribute 'zerodf' of the wald table.
Terms with zero df listed in attribute 'zerodf' of the wald table.
Terms with zero df listed in attribute 'zerodf' of the wald table.
Terms with zero df listed in attribute 'zerodf' of the wald table.
Terms with zero df listed in attribute 'zerodf' of the wald table.
Terms with zero df listed in attribute 'zerodf' of the wald table.
Terms with zero df listed in attribute 'zerodf' of the wald table.
Terms with zero df listed in attribute 'zerodf' of the wald table.
Terms with zero df listed in attribute 'zerodf' of the wald table.
Terms with zero df listed in attribute 'zerodf' of the wald table.
Terms with zero df listed in attribute 'zerodf' of the wald table.
Terms with zero df listed in attribute 'zerodf' of the wald table.
Terms with zero df listed in attribute 'zerodf' of the wald table.
Terms with zero df listed in attribute 'zerodf' of the wald table.
Terms with zero df listed in attribute 'zerodf' of the wald table.
Terms with zero df listed in attribute 'zerodf' of the wald table.
Terms with zero df listed in attribute 'zerodf' of the wald table.
Terms with zero df listed in attribute 'zerodf' of the wald table.
Terms with zero df listed in attribute 'zerodf' of the wald table.
Terms with zero df listed in attribute 'zerodf' of the wald table.
Terms with zero df listed in attribute 'zerodf' of the wald table.
Terms with zero df listed in attribute 'zerodf' of the wald table.
Terms with zero df listed in attribute 'zerodf' of the wald table.
Terms with zero df listed in attribute 'zerodf' of the wald table.
Terms with zero df listed in attribute 'zerodf' of the wald table.
Terms with zero df listed in attribute 'zerodf' of the wald table.
Terms with zero df listed in attribute 'zerodf' of the wald table.
Terms with zero df listed in attribute 'zerodf' of the wald table.
Terms with zero df listed in attribute 'zerodf' of the wald table.
Terms with zero df listed in attribute 'zerodf' of the wald table.
Terms with zero df listed in attribute 'zerodf' of the wald table.
Terms with zero df listed in attribute 'zerodf' of the wald table.
Terms with zero df listed in attribute 'zerodf' of the wald table.
Terms with zero df listed in attribute 'zerodf' of the wald table.
Terms with zero df listed in attribute 'zerodf' of the wald table.
Terms with zero df listed in attribute 'zerodf' of the wald table.
Terms with zero df listed in attribute 'zerodf' of the wald table.
Terms with zero df listed in attribute 'zerodf' of the wald table.
Terms with zero df listed in attribute 'zerodf' of the wald table.
Terms with zero df listed in attribute 'zerodf' of the wald table.
Terms with zero df listed in attribute 'zerodf' of the wald table.
Terms with zero df listed in attribute 'zerodf' of the wald table.
Terms with zero df listed in attribute 'zerodf' of the wald table.
Terms with zero df listed in attribute 'zerodf' of the wald table.
Terms with zero df listed in attribute 'zerodf' of the wald table.
Terms with zero df listed in attribute 'zerodf' of the wald table.
Terms with zero df listed in attribute 'zerodf' of the wald table.
Terms with zero df listed in attribute 'zerodf' of the wald table.
Terms with zero df listed in attribute 'zerodf' of the wald table.
Terms with zero df listed in attribute 'zerodf' of the wald table.
Terms with zero df listed in attribute 'zerodf' of the wald table.
Terms with zero df listed in attribute 'zerodf' of the wald table.
Terms with zero df listed in attribute 'zerodf' of the wald table.
Terms with zero df listed in attribute 'zerodf' of the wald table.
Terms with zero df listed in attribute 'zerodf' of the wald table.
Terms with zero df listed in attribute 'zerodf' of the wald table.
Terms with zero df listed in attribute 'zerodf' of the wald table.
Terms with zero df listed in attribute 'zerodf' of the wald table.
Terms with zero df listed in attribute 'zerodf' of the wald table.
Terms with zero df listed in attribute 'zerodf' of the wald table.
Terms with zero df listed in attribute 'zerodf' of the wald table.
Terms with zero df listed in attribute 'zerodf' of the wald table.
Terms with zero df listed in attribute 'zerodf' of the wald table.
Terms with zero df listed in attribute 'zerodf' of the wald table.
Terms with zero df listed in attribute 'zerodf' of the wald table.
Terms with zero df listed in attribute 'zerodf' of the wald table.
Terms with zero df listed in attribute 'zerodf' of the wald table.
Terms with zero df listed in attribute 'zerodf' of the wald table.
Terms with zero df listed in attribute 'zerodf' of the wald table.
Terms with zero df listed in attribute 'zerodf' of the wald table.
Terms with zero df listed in attribute 'zerodf' of the wald table.
Terms with zero df listed in attribute 'zerodf' of the wald table.
Terms with zero df listed in attribute 'zerodf' of the wald table.
Terms with zero df listed in attribute 'zerodf' of the wald table.
Terms with zero df listed in attribute 'zerodf' of the wald table.
Terms with zero df listed in attribute 'zerodf' of the wald table.
Terms with zero df listed in attribute 'zerodf' of the wald table.
Terms with zero df listed in attribute 'zerodf' of the wald table.
Terms with zero df listed in attribute 'zerodf' of the wald table.
Terms with zero df listed in attribute 'zerodf' of the wald table.
Terms with zero df listed in attribute 'zerodf' of the wald table.
Terms with zero df listed in attribute 'zerodf' of the wald table.
Terms with zero df listed in attribute 'zerodf' of the wald table.
Terms with zero df listed in attribute 'zerodf' of the wald table.
Terms with zero df listed in attribute 'zerodf' of the wald table.
Terms with zero df listed in attribute 'zerodf' of the wald table.
Terms with zero df listed in attribute 'zerodf' of the wald table.
Terms with zero df listed in attribute 'zerodf' of the wald table.
Terms with zero df listed in attribute 'zerodf' of the wald table.
Terms with zero df listed in attribute 'zerodf' of the wald table.
Terms with zero df listed in attribute 'zerodf' of the wald table.
Terms with zero df listed in attribute 'zerodf' of the wald table.
Terms with zero df listed in attribute 'zerodf' of the wald table.
Terms with zero df listed in attribute 'zerodf' of the wald table.
Terms with zero df listed in attribute 'zerodf' of the wald table.
Terms with zero df listed in attribute 'zerodf' of the wald table.
Terms with zero df listed in attribute 'zerodf' of the wald table.
Terms with zero df listed in attribute 'zerodf' of the wald table.
Terms with zero df listed in attribute 'zerodf' of the wald table.
Terms with zero df listed in attribute 'zerodf' of the wald table.
Terms with zero df listed in attribute 'zerodf' of the wald table.
Terms with zero df listed in attribute 'zerodf' of the wald table.
Terms with zero df listed in attribute 'zerodf' of the wald table.
Terms with zero df listed in attribute 'zerodf' of the wald table.
Terms with zero df listed in attribute 'zerodf' of the wald table.
Terms with zero df listed in attribute 'zerodf' of the wald table.
Terms with zero df listed in attribute 'zerodf' of the wald table.
Terms with zero df listed in attribute 'zerodf' of the wald table.
Terms with zero df listed in attribute 'zerodf' of the wald table.
Terms with zero df listed in attribute 'zerodf' of the wald table.
Terms with zero df listed in attribute 'zerodf' of the wald table.
Terms with zero df listed in attribute 'zerodf' of the wald table.
Terms with zero df listed in attribute 'zerodf' of the wald table.
Terms with zero df listed in attribute 'zerodf' of the wald table.
Terms with zero df listed in attribute 'zerodf' of the wald table.
Terms with zero df listed in attribute 'zerodf' of the wald table.
Terms with zero df listed in attribute 'zerodf' of the wald table.
Terms with zero df listed in attribute 'zerodf' of the wald table.
Terms with zero df listed in attribute 'zerodf' of the wald table.
Terms with zero df listed in attribute 'zerodf' of the wald table.
Terms with zero df listed in attribute 'zerodf' of the wald table.
Terms with zero df listed in attribute 'zerodf' of the wald table.
Terms with zero df listed in attribute 'zerodf' of the wald table.
Terms with zero df listed in attribute 'zerodf' of the wald table.
Terms with zero df listed in attribute 'zerodf' of the wald table.
Terms with zero df listed in attribute 'zerodf' of the wald table.
Terms with zero df listed in attribute 'zerodf' of the wald table.
Terms with zero df listed in attribute 'zerodf' of the wald table.
Terms with zero df listed in attribute 'zerodf' of the wald table.
Terms with zero df listed in attribute 'zerodf' of the wald table.
Terms with zero df listed in attribute 'zerodf' of the wald table.
Terms with zero df listed in attribute 'zerodf' of the wald table.
Terms with zero df listed in attribute 'zerodf' of the wald table.
Terms with zero df listed in attribute 'zerodf' of the wald table.
Terms with zero df listed in attribute 'zerodf' of the wald table.
Terms with zero df listed in attribute 'zerodf' of the wald table.
Terms with zero df listed in attribute 'zerodf' of the wald table.
Terms with zero df listed in attribute 'zerodf' of the wald table.
Terms with zero df listed in attribute 'zerodf' of the wald table.
Terms with zero df listed in attribute 'zerodf' of the wald table.
Terms with zero df listed in attribute 'zerodf' of the wald table.
Terms with zero df listed in attribute 'zerodf' of the wald table.
Terms with zero df listed in attribute 'zerodf' of the wald table.
Terms with zero df listed in attribute 'zerodf' of the wald table.
Terms with zero df listed in attribute 'zerodf' of the wald table.
Terms with zero df listed in attribute 'zerodf' of the wald table.
Terms with zero df listed in attribute 'zerodf' of the wald table.
Terms with zero df listed in attribute 'zerodf' of the wald table.
Terms with zero df listed in attribute 'zerodf' of the wald table.
Terms with zero df listed in attribute 'zerodf' of the wald table.
Terms with zero df listed in attribute 'zerodf' of the wald table.
Terms with zero df listed in attribute 'zerodf' of the wald table.
Terms with zero df listed in attribute 'zerodf' of the wald table.
Terms with zero df listed in attribute 'zerodf' of the wald table.
Terms with zero df listed in attribute 'zerodf' of the wald table.
Terms with zero df listed in attribute 'zerodf' of the wald table.
Terms with zero df listed in attribute 'zerodf' of the wald table.
Terms with zero df listed in attribute 'zerodf' of the wald table.
Terms with zero df listed in attribute 'zerodf' of the wald table.
Terms with zero df listed in attribute 'zerodf' of the wald table.
Terms with zero df listed in attribute 'zerodf' of the wald table.
Terms with zero df listed in attribute 'zerodf' of the wald table.
Terms with zero df listed in attribute 'zerodf' of the wald table.
Terms with zero df listed in attribute 'zerodf' of the wald table.
Terms with zero df listed in attribute 'zerodf' of the wald table.
Terms with zero df listed in attribute 'zerodf' of the wald table.
Terms with zero df listed in attribute 'zerodf' of the wald table.
Terms with zero df listed in attribute 'zerodf' of the wald table.
Terms with zero df listed in attribute 'zerodf' of the wald table.
Terms with zero df listed in attribute 'zerodf' of the wald table.
Terms with zero df listed in attribute 'zerodf' of the wald table.
Terms with zero df listed in attribute 'zerodf' of the wald table.
Terms with zero df listed in attribute 'zerodf' of the wald table.
Terms with zero df listed in attribute 'zerodf' of the wald table.
Terms with zero df listed in attribute 'zerodf' of the wald table.
Terms with zero df listed in attribute 'zerodf' of the wald table.
Terms with zero df listed in attribute 'zerodf' of the wald table.
Terms with zero df listed in attribute 'zerodf' of the wald table.
Terms with zero df listed in attribute 'zerodf' of the wald table.
Terms with zero df listed in attribute 'zerodf' of the wald table.
Terms with zero df listed in attribute 'zerodf' of the wald table.
Terms with zero df listed in attribute 'zerodf' of the wald table.
Terms with zero df listed in attribute 'zerodf' of the wald table.
Terms with zero df listed in attribute 'zerodf' of the wald table.
Terms with zero df listed in attribute 'zerodf' of the wald table.
Terms with zero df listed in attribute 'zerodf' of the wald table.
Terms with zero df listed in attribute 'zerodf' of the wald table.
Terms with zero df listed in attribute 'zerodf' of the wald table.
Terms with zero df listed in attribute 'zerodf' of the wald table.
Terms with zero df listed in attribute 'zerodf' of the wald table.
Terms with zero df listed in attribute 'zerodf' of the wald table.
Terms with zero df listed in attribute 'zerodf' of the wald table.
Terms with zero df listed in attribute 'zerodf' of the wald table.
Terms with zero df listed in attribute 'zerodf' of the wald table.
Terms with zero df listed in attribute 'zerodf' of the wald table.
Terms with zero df listed in attribute 'zerodf' of the wald table.
Terms with zero df listed in attribute 'zerodf' of the wald table.
Terms with zero df listed in attribute 'zerodf' of the wald table.
Terms with zero df listed in attribute 'zerodf' of the wald table.
Terms with zero df listed in attribute 'zerodf' of the wald table.
Terms with zero df listed in attribute 'zerodf' of the wald table.
Terms with zero df listed in attribute 'zerodf' of the wald table.
Terms with zero df listed in attribute 'zerodf' of the wald table.
Terms with zero df listed in attribute 'zerodf' of the wald table.
Terms with zero df listed in attribute 'zerodf' of the wald table.
Terms with zero df listed in attribute 'zerodf' of the wald table.
Terms with zero df listed in attribute 'zerodf' of the wald table.
Terms with zero df listed in attribute 'zerodf' of the wald table.
Terms with zero df listed in attribute 'zerodf' of the wald table.
Terms with zero df listed in attribute 'zerodf' of the wald table.
Terms with zero df listed in attribute 'zerodf' of the wald table.
Terms with zero df listed in attribute 'zerodf' of the wald table.
Terms with zero df listed in attribute 'zerodf' of the wald table.
Terms with zero df listed in attribute 'zerodf' of the wald table.
Terms with zero df listed in attribute 'zerodf' of the wald table.
Terms with zero df listed in attribute 'zerodf' of the wald table.
Terms with zero df listed in attribute 'zerodf' of the wald table.
Terms with zero df listed in attribute 'zerodf' of the wald table.
Terms with zero df listed in attribute 'zerodf' of the wald table.
Terms with zero df listed in attribute 'zerodf' of the wald table.
Terms with zero df listed in attribute 'zerodf' of the wald table.
Terms with zero df listed in attribute 'zerodf' of the wald table.
Terms with zero df listed in attribute 'zerodf' of the wald table.
Terms with zero df listed in attribute 'zerodf' of the wald table.
Terms with zero df listed in attribute 'zerodf' of the wald table.
Terms with zero df listed in attribute 'zerodf' of the wald table.
Terms with zero df listed in attribute 'zerodf' of the wald table.
Terms with zero df listed in attribute 'zerodf' of the wald table.
Terms with zero df listed in attribute 'zerodf' of the wald table.
Terms with zero df listed in attribute 'zerodf' of the wald table.
Terms with zero df listed in attribute 'zerodf' of the wald table.
Terms with zero df listed in attribute 'zerodf' of the wald table.
Terms with zero df listed in attribute 'zerodf' of the wald table.
Terms with zero df listed in attribute 'zerodf' of the wald table.
Terms with zero df listed in attribute 'zerodf' of the wald table.
Terms with zero df listed in attribute 'zerodf' of the wald table.
Terms with zero df listed in attribute 'zerodf' of the wald table.
Terms with zero df listed in attribute 'zerodf' of the wald table.
Terms with zero df listed in attribute 'zerodf' of the wald table.
Terms with zero df listed in attribute 'zerodf' of the wald table.
Terms with zero df listed in attribute 'zerodf' of the wald table.
Terms with zero df listed in attribute 'zerodf' of the wald table.
Terms with zero df listed in attribute 'zerodf' of the wald table.
Terms with zero df listed in attribute 'zerodf' of the wald table.
Terms with zero df listed in attribute 'zerodf' of the wald table.
Terms with zero df listed in attribute 'zerodf' of the wald table.
Terms with zero df listed in attribute 'zerodf' of the wald table.
Terms with zero df listed in attribute 'zerodf' of the wald table.
Terms with zero df listed in attribute 'zerodf' of the wald table.
Terms with zero df listed in attribute 'zerodf' of the wald table.
Terms with zero df listed in attribute 'zerodf' of the wald table.
Terms with zero df listed in attribute 'zerodf' of the wald table.
Terms with zero df listed in attribute 'zerodf' of the wald table.
Terms with zero df listed in attribute 'zerodf' of the wald table.
Terms with zero df listed in attribute 'zerodf' of the wald table.
Terms with zero df listed in attribute 'zerodf' of the wald table.
Terms with zero df listed in attribute 'zerodf' of the wald table.
Terms with zero df listed in attribute 'zerodf' of the wald table.
Terms with zero df listed in attribute 'zerodf' of the wald table.
Terms with zero df listed in attribute 'zerodf' of the wald table.
Terms with zero df listed in attribute 'zerodf' of the wald table.
Terms with zero df listed in attribute 'zerodf' of the wald table.
Terms with zero df listed in attribute 'zerodf' of the wald table.
Terms with zero df listed in attribute 'zerodf' of the wald table.
Terms with zero df listed in attribute 'zerodf' of the wald table.
Terms with zero df listed in attribute 'zerodf' of the wald table.
Terms with zero df listed in attribute 'zerodf' of the wald table.
Terms with zero df listed in attribute 'zerodf' of the wald table.
Terms with zero df listed in attribute 'zerodf' of the wald table.
Terms with zero df listed in attribute 'zerodf' of the wald table.
Terms with zero df listed in attribute 'zerodf' of the wald table.
Terms with zero df listed in attribute 'zerodf' of the wald table.
Terms with zero df listed in attribute 'zerodf' of the wald table.
Terms with zero df listed in attribute 'zerodf' of the wald table.
Terms with zero df listed in attribute 'zerodf' of the wald table.
Terms with zero df listed in attribute 'zerodf' of the wald table.
Terms with zero df listed in attribute 'zerodf' of the wald table.
Terms with zero df listed in attribute 'zerodf' of the wald table.
Terms with zero df listed in attribute 'zerodf' of the wald table.
Terms with zero df listed in attribute 'zerodf' of the wald table.
Terms with zero df listed in attribute 'zerodf' of the wald table.
Terms with zero df listed in attribute 'zerodf' of the wald table.
Terms with zero df listed in attribute 'zerodf' of the wald table.
Terms with zero df listed in attribute 'zerodf' of the wald table.
Terms with zero df listed in attribute 'zerodf' of the wald table.
Terms with zero df listed in attribute 'zerodf' of the wald table.
Terms with zero df listed in attribute 'zerodf' of the wald table.
Terms with zero df listed in attribute 'zerodf' of the wald table.
Terms with zero df listed in attribute 'zerodf' of the wald table.
Terms with zero df listed in attribute 'zerodf' of the wald table.
Terms with zero df listed in attribute 'zerodf' of the wald table.
Terms with zero df listed in attribute 'zerodf' of the wald table.
Terms with zero df listed in attribute 'zerodf' of the wald table.
Terms with zero df listed in attribute 'zerodf' of the wald table.
Terms with zero df listed in attribute 'zerodf' of the wald table.
Terms with zero df listed in attribute 'zerodf' of the wald table.
Terms with zero df listed in attribute 'zerodf' of the wald table.
Terms with zero df listed in attribute 'zerodf' of the wald table.
Terms with zero df listed in attribute 'zerodf' of the wald table.
Terms with zero df listed in attribute 'zerodf' of the wald table.
Terms with zero df listed in attribute 'zerodf' of the wald table.
Terms with zero df listed in attribute 'zerodf' of the wald table.
Terms with zero df listed in attribute 'zerodf' of the wald table.
Terms with zero df listed in attribute 'zerodf' of the wald table.
Terms with zero df listed in attribute 'zerodf' of the wald table.
Terms with zero df listed in attribute 'zerodf' of the wald table.
Terms with zero df listed in attribute 'zerodf' of the wald table.
Terms with zero df listed in attribute 'zerodf' of the wald table.
Terms with zero df listed in attribute 'zerodf' of the wald table.
Terms with zero df listed in attribute 'zerodf' of the wald table.
Terms with zero df listed in attribute 'zerodf' of the wald table.
Terms with zero df listed in attribute 'zerodf' of the wald table.
Terms with zero df listed in attribute 'zerodf' of the wald table.
Terms with zero df listed in attribute 'zerodf' of the wald table.
Terms with zero df listed in attribute 'zerodf' of the wald table.
Terms with zero df listed in attribute 'zerodf' of the wald table.
Terms with zero df listed in attribute 'zerodf' of the wald table.
Terms with zero df listed in attribute 'zerodf' of the wald table.
Terms with zero df listed in attribute 'zerodf' of the wald table.
Terms with zero df listed in attribute 'zerodf' of the wald table.
Terms with zero df listed in attribute 'zerodf' of the wald table.
Terms with zero df listed in attribute 'zerodf' of the wald table.
Terms with zero df listed in attribute 'zerodf' of the wald table.
Terms with zero df listed in attribute 'zerodf' of the wald table.
Terms with zero df listed in attribute 'zerodf' of the wald table.
Terms with zero df listed in attribute 'zerodf' of the wald table.
Terms with zero df listed in attribute 'zerodf' of the wald table.
Terms with zero df listed in attribute 'zerodf' of the wald table.
Terms with zero df listed in attribute 'zerodf' of the wald table.
Terms with zero df listed in attribute 'zerodf' of the wald table.
Terms with zero df listed in attribute 'zerodf' of the wald table.
Terms with zero df listed in attribute 'zerodf' of the wald table.
Terms with zero df listed in attribute 'zerodf' of the wald table.
Terms with zero df listed in attribute 'zerodf' of the wald table.
Terms with zero df listed in attribute 'zerodf' of the wald table.
Terms with zero df listed in attribute 'zerodf' of the wald table.
Terms with zero df listed in attribute 'zerodf' of the wald table.
Terms with zero df listed in attribute 'zerodf' of the wald table.
Terms with zero df listed in attribute 'zerodf' of the wald table.
Terms with zero df listed in attribute 'zerodf' of the wald table.
Terms with zero df listed in attribute 'zerodf' of the wald table.
Terms with zero df listed in attribute 'zerodf' of the wald table.
Terms with zero df listed in attribute 'zerodf' of the wald table.
Terms with zero df listed in attribute 'zerodf' of the wald table.
Terms with zero df listed in attribute 'zerodf' of the wald table.
Terms with zero df listed in attribute 'zerodf' of the wald table.
Terms with zero df listed in attribute 'zerodf' of the wald table.
Terms with zero df listed in attribute 'zerodf' of the wald table.
Terms with zero df listed in attribute 'zerodf' of the wald table.
Terms with zero df listed in attribute 'zerodf' of the wald table.
Terms with zero df listed in attribute 'zerodf' of the wald table.
Terms with zero df listed in attribute 'zerodf' of the wald table.
Terms with zero df listed in attribute 'zerodf' of the wald table.
Terms with zero df listed in attribute 'zerodf' of the wald table.
Terms with zero df listed in attribute 'zerodf' of the wald table.
Terms with zero df listed in attribute 'zerodf' of the wald table.
Terms with zero df listed in attribute 'zerodf' of the wald table.
Terms with zero df listed in attribute 'zerodf' of the wald table.
Terms with zero df listed in attribute 'zerodf' of the wald table.
Terms with zero df listed in attribute 'zerodf' of the wald table.
Terms with zero df listed in attribute 'zerodf' of the wald table.
Terms with zero df listed in attribute 'zerodf' of the wald table.
Terms with zero df listed in attribute 'zerodf' of the wald table.
Terms with zero df listed in attribute 'zerodf' of the wald table.
Terms with zero df listed in attribute 'zerodf' of the wald table.
Terms with zero df listed in attribute 'zerodf' of the wald table.
Terms with zero df listed in attribute 'zerodf' of the wald table.
Terms with zero df listed in attribute 'zerodf' of the wald table.
Terms with zero df listed in attribute 'zerodf' of the wald table.
Terms with zero df listed in attribute 'zerodf' of the wald table.
Terms with zero df listed in attribute 'zerodf' of the wald table.
Terms with zero df listed in attribute 'zerodf' of the wald table.
Terms with zero df listed in attribute 'zerodf' of the wald table.
Terms with zero df listed in attribute 'zerodf' of the wald table.
Terms with zero df listed in attribute 'zerodf' of the wald table.
Terms with zero df listed in attribute 'zerodf' of the wald table.
Terms with zero df listed in attribute 'zerodf' of the wald table.
Terms with zero df listed in attribute 'zerodf' of the wald table.
Terms with zero df listed in attribute 'zerodf' of the wald table.
Terms with zero df listed in attribute 'zerodf' of the wald table.
Terms with zero df listed in attribute 'zerodf' of the wald table.
Terms with zero df listed in attribute 'zerodf' of the wald table.
Terms with zero df listed in attribute 'zerodf' of the wald table.
Terms with zero df listed in attribute 'zerodf' of the wald table.
Terms with zero df listed in attribute 'zerodf' of the wald table.
Terms with zero df listed in attribute 'zerodf' of the wald table.
Terms with zero df listed in attribute 'zerodf' of the wald table.
Terms with zero df listed in attribute 'zerodf' of the wald table.
Terms with zero df listed in attribute 'zerodf' of the wald table.
Terms with zero df listed in attribute 'zerodf' of the wald table.
Terms with zero df listed in attribute 'zerodf' of the wald table.
Terms with zero df listed in attribute 'zerodf' of the wald table.
Terms with zero df listed in attribute 'zerodf' of the wald table.
Terms with zero df listed in attribute 'zerodf' of the wald table.
Terms with zero df listed in attribute 'zerodf' of the wald table.
Terms with zero df listed in attribute 'zerodf' of the wald table.
Terms with zero df listed in attribute 'zerodf' of the wald table.
Terms with zero df listed in attribute 'zerodf' of the wald table.
Terms with zero df listed in attribute 'zerodf' of the wald table.
Terms with zero df listed in attribute 'zerodf' of the wald table.
Terms with zero df listed in attribute 'zerodf' of the wald table.
Terms with zero df listed in attribute 'zerodf' of the wald table.
Terms with zero df listed in attribute 'zerodf' of the wald table.
Terms with zero df listed in attribute 'zerodf' of the wald table.
Terms with zero df listed in attribute 'zerodf' of the wald table.
Terms with zero df listed in attribute 'zerodf' of the wald table.
Terms with zero df listed in attribute 'zerodf' of the wald table.
Terms with zero df listed in attribute 'zerodf' of the wald table.
Terms with zero df listed in attribute 'zerodf' of the wald table.
Terms with zero df listed in attribute 'zerodf' of the wald table.
Terms with zero df listed in attribute 'zerodf' of the wald table.
Terms with zero df listed in attribute 'zerodf' of the wald table.
Terms with zero df listed in attribute 'zerodf' of the wald table.
Terms with zero df listed in attribute 'zerodf' of the wald table.
Terms with zero df listed in attribute 'zerodf' of the wald table.
Terms with zero df listed in attribute 'zerodf' of the wald table.
Terms with zero df listed in attribute 'zerodf' of the wald table.
Terms with zero df listed in attribute 'zerodf' of the wald table.
Terms with zero df listed in attribute 'zerodf' of the wald table.
Terms with zero df listed in attribute 'zerodf' of the wald table.
Terms with zero df listed in attribute 'zerodf' of the wald table.
Terms with zero df listed in attribute 'zerodf' of the wald table.
Terms with zero df listed in attribute 'zerodf' of the wald table.
Terms with zero df listed in attribute 'zerodf' of the wald table.
Terms with zero df listed in attribute 'zerodf' of the wald table.
Terms with zero df listed in attribute 'zerodf' of the wald table.
Terms with zero df listed in attribute 'zerodf' of the wald table.
Terms with zero df listed in attribute 'zerodf' of the wald table.
Terms with zero df listed in attribute 'zerodf' of the wald table.
Terms with zero df listed in attribute 'zerodf' of the wald table.
Terms with zero df listed in attribute 'zerodf' of the wald table.
Terms with zero df listed in attribute 'zerodf' of the wald table.
Terms with zero df listed in attribute 'zerodf' of the wald table.
Terms with zero df listed in attribute 'zerodf' of the wald table.
Terms with zero df listed in attribute 'zerodf' of the wald table.
Terms with zero df listed in attribute 'zerodf' of the wald table.
Terms with zero df listed in attribute 'zerodf' of the wald table.
Terms with zero df listed in attribute 'zerodf' of the wald table.
Terms with zero df listed in attribute 'zerodf' of the wald table.
Terms with zero df listed in attribute 'zerodf' of the wald table.
Terms with zero df listed in attribute 'zerodf' of the wald table.
Terms with zero df listed in attribute 'zerodf' of the wald table.
Terms with zero df listed in attribute 'zerodf' of the wald table.
Terms with zero df listed in attribute 'zerodf' of the wald table.
Terms with zero df listed in attribute 'zerodf' of the wald table.
Terms with zero df listed in attribute 'zerodf' of the wald table.
Terms with zero df listed in attribute 'zerodf' of the wald table.
Terms with zero df listed in attribute 'zerodf' of the wald table.
Terms with zero df listed in attribute 'zerodf' of the wald table.
Terms with zero df listed in attribute 'zerodf' of the wald table.
Terms with zero df listed in attribute 'zerodf' of the wald table.
Terms with zero df listed in attribute 'zerodf' of the wald table.
Terms with zero df listed in attribute 'zerodf' of the wald table.
Terms with zero df listed in attribute 'zerodf' of the wald table.
Terms with zero df listed in attribute 'zerodf' of the wald table.
Terms with zero df listed in attribute 'zerodf' of the wald table.
Terms with zero df listed in attribute 'zerodf' of the wald table.
Terms with zero df listed in attribute 'zerodf' of the wald table.
Terms with zero df listed in attribute 'zerodf' of the wald table.
Terms with zero df listed in attribute 'zerodf' of the wald table.
Terms with zero df listed in attribute 'zerodf' of the wald table.
Terms with zero df listed in attribute 'zerodf' of the wald table.
Terms with zero df listed in attribute 'zerodf' of the wald table.
Terms with zero df listed in attribute 'zerodf' of the wald table.
Terms with zero df listed in attribute 'zerodf' of the wald table.
Terms with zero df listed in attribute 'zerodf' of the wald table.
Terms with zero df listed in attribute 'zerodf' of the wald table.
Terms with zero df listed in attribute 'zerodf' of the wald table.
Terms with zero df listed in attribute 'zerodf' of the wald table.
Terms with zero df listed in attribute 'zerodf' of the wald table.
Terms with zero df listed in attribute 'zerodf' of the wald table.
Terms with zero df listed in attribute 'zerodf' of the wald table.
Terms with zero df listed in attribute 'zerodf' of the wald table.
Terms with zero df listed in attribute 'zerodf' of the wald table.
Terms with zero df listed in attribute 'zerodf' of the wald table.
Terms with zero df listed in attribute 'zerodf' of the wald table.
Terms with zero df listed in attribute 'zerodf' of the wald table.
Terms with zero df listed in attribute 'zerodf' of the wald table.
Terms with zero df listed in attribute 'zerodf' of the wald table.
Terms with zero df listed in attribute 'zerodf' of the wald table.
Terms with zero df listed in attribute 'zerodf' of the wald table.
Terms with zero df listed in attribute 'zerodf' of the wald table.
Terms with zero df listed in attribute 'zerodf' of the wald table.
Terms with zero df listed in attribute 'zerodf' of the wald table.
Terms with zero df listed in attribute 'zerodf' of the wald table.
Terms with zero df listed in attribute 'zerodf' of the wald table.
Terms with zero df listed in attribute 'zerodf' of the wald table.
[1] "perOG modeling done and saved"
  [1] "OG0000535" "OG0000617" "OG0000843" "OG0001181" "OG0001226" "OG0001269"
  [7] "OG0001309" "OG0001315" "OG0001374" "OG0001399" "OG0001446" "OG0001454"
 [13] "OG0001508" "OG0001535" "OG0001628" "OG0001632" "OG0001754" "OG0001859"
 [19] "OG0001871" "OG0001973" "OG0002170" "OG0002267" "OG0002326" "OG0002329"
 [25] "OG0002527" "OG0002571" "OG0002585" "OG0002631" "OG0002644" "OG0002661"
 [31] "OG0002676" "OG0002889" "OG0002908" "OG0003007" "OG0003010" "OG0003084"
 [37] "OG0003126" "OG0003474" "OG0003856" "OG0003863" "OG0003896" "OG0003913"
 [43] "OG0003958" "OG0004079" "OG0004081" "OG0004314" "OG0004349" "OG0004352"
 [49] "OG0004523" "OG0004600" "OG0004666" "OG0004724" "OG0004860" "OG0004974"
 [55] "OG0004999" "OG0005022" "OG0005309" "OG0005323" "OG0005345" "OG0005445"
 [61] "OG0005508" "OG0005562" "OG0005588" "OG0005670" "OG0005761" "OG0005815"
 [67] "OG0005852" "OG0006053" "OG0006065" "OG0006169" "OG0006299" "OG0006311"
 [73] "OG0006446" "OG0006454" "OG0006462" "OG0006497" "OG0006555" "OG0006795"
 [79] "OG0006872" "OG0006907" "OG0007127" "OG0007150" "OG0007248" "OG0007307"
 [85] "OG0007325" "OG0007335" "OG0007429" "OG0008108" "OG0008112" "OG0008262"
 [91] "OG0008313" "OG0008385" "OG0008555" "OG0008658" "OG0008678" "OG0008687"
 [97] "OG0008839" "OG0008968" "OG0009036" "OG0009066" "OG0009171" "OG0009172"
[103] "OG0009497" "OG0009547" "OG0009580" "OG0009583" "OG0009596" "OG0009635"
[109] "OG0009654" "OG0009770" "OG0009892" "OG0010189" "OG0010250" "OG0010256"
[115] "OG0010299" "OG0010343" "OG0010440" "OG0010446" "OG0010543" "OG0010645"
[121] "OG0010665" "OG0010727" "OG0010826" "OG0010906" "OG0011021" "OG0011048"
[127] "OG0011125" "OG0011145" "OG0011319" "OG0011330" "OG0011342" "OG0011346"
[133] "OG0011353" "OG0011444" "OG0011728" "OG0011921" "OG0012007" "OG0012055"
[139] "OG0012061" "OG0012099" "OG0012314" "OG0012377" "OG0012424" "OG0012462"
[145] "OG0012463" "OG0012523" "OG0012568" "OG0012717" "OG0012734" "OG0012779"
[151] "OG0012793" "OG0012891" "OG0012917" "OG0013027" "OG0013137" "OG0013170"
[157] "OG0013325" "OG0013487" "OG0013543" "OG0013562" "OG0013595" "OG0013618"
[163] "OG0013785" "OG0013811" "OG0013923" "OG0013996" "OG0014020" "OG0014032"
[169] "OG0014279" "OG0014335" "OG0014342" "OG0014442" "OG0014464" "OG0014584"
[175] "OG0014594" "OG0014615" "OG0014646" "OG0014668" "OG0014752" "OG0014896"
[181] "OG0014903" "OG0014956" "OG0015016" "OG0015019" "OG0015031" "OG0015045"
[187] "OG0015060" "OG0015062" "OG0015081" "OG0015086" "OG0015194" "OG0015268"
[193] "OG0015324" "OG0015402" "OG0015403" "OG0015449" "OG0015636" "OG0015655"
[199] "OG0015660" "OG0015720" "OG0015739" "OG0015751" "OG0015981" "OG0016320"
[205] "OG0016485" "OG0016578" "OG0016595" "OG0016621" "OG0016631" "OG0016796"
[211] "OG0016816" "OG0016821" "OG0017040" "OG0017062" "OG0017092" "OG0017384"
[217] "OG0017395" "OG0017435" "OG0017512" "OG0017796" "OG0017837" "OG0017878"
[223] "OG0018031" "OG0018051" "OG0018320" "OG0018394" "OG0018610" "OG0018815"
[229] "OG0018896" "OG0018915" "OG0018950" "OG0019047" "OG0019076" "OG0019140"
[235] "OG0019284" "OG0019463" "OG0019808" "OG0019946" "OG0019985" "OG0020325"
[241] "OG0020327" "OG0020487" "OG0020516" "OG0020521" "OG0020536" "OG0020632"
[247] "OG0020664" "OG0020908" "OG0020916" "OG0021070" "OG0021352" "OG0021439"
[253] "OG0021440" "OG0021573" "OG0022145" "OG0022474" "OG0022494" "OG0023024"
[259] "OG0023075" "OG0023330" "OG0023380" "OG0023821" "OG0024180" "OG0024239"
[265] "OG0024310" "OG0024341" "OG0025908" "OG0026854" "OG0027084" "OG0027580"
[271] "OG0027746" "OG0028203" "OG0028548" "OG0029873" "OG0030526"
[1] "permulation start"
Terms with zero df listed in attribute 'zerodf' of the wald table.
Terms with zero df listed in attribute 'zerodf' of the wald table.
Terms with zero df listed in attribute 'zerodf' of the wald table.
Terms with zero df listed in attribute 'zerodf' of the wald table.
Terms with zero df listed in attribute 'zerodf' of the wald table.
Terms with zero df listed in attribute 'zerodf' of the wald table.
Terms with zero df listed in attribute 'zerodf' of the wald table.
Terms with zero df listed in attribute 'zerodf' of the wald table.
Terms with zero df listed in attribute 'zerodf' of the wald table.
Terms with zero df listed in attribute 'zerodf' of the wald table.
Terms with zero df listed in attribute 'zerodf' of the wald table.
Terms with zero df listed in attribute 'zerodf' of the wald table.
Terms with zero df listed in attribute 'zerodf' of the wald table.
Terms with zero df listed in attribute 'zerodf' of the wald table.
Terms with zero df listed in attribute 'zerodf' of the wald table.
Terms with zero df listed in attribute 'zerodf' of the wald table.
Terms with zero df listed in attribute 'zerodf' of the wald table.
Terms with zero df listed in attribute 'zerodf' of the wald table.
Terms with zero df listed in attribute 'zerodf' of the wald table.
Terms with zero df listed in attribute 'zerodf' of the wald table.
Terms with zero df listed in attribute 'zerodf' of the wald table.
Terms with zero df listed in attribute 'zerodf' of the wald table.
Terms with zero df listed in attribute 'zerodf' of the wald table.
Terms with zero df listed in attribute 'zerodf' of the wald table.
Terms with zero df listed in attribute 'zerodf' of the wald table.
Terms with zero df listed in attribute 'zerodf' of the wald table.
Terms with zero df listed in attribute 'zerodf' of the wald table.
Terms with zero df listed in attribute 'zerodf' of the wald table.
Terms with zero df listed in attribute 'zerodf' of the wald table.
Terms with zero df listed in attribute 'zerodf' of the wald table.
Terms with zero df listed in attribute 'zerodf' of the wald table.
Terms with zero df listed in attribute 'zerodf' of the wald table.
Terms with zero df listed in attribute 'zerodf' of the wald table.
Terms with zero df listed in attribute 'zerodf' of the wald table.
Terms with zero df listed in attribute 'zerodf' of the wald table.
Terms with zero df listed in attribute 'zerodf' of the wald table.
Terms with zero df listed in attribute 'zerodf' of the wald table.
Terms with zero df listed in attribute 'zerodf' of the wald table.
Terms with zero df listed in attribute 'zerodf' of the wald table.
Terms with zero df listed in attribute 'zerodf' of the wald table.
Terms with zero df listed in attribute 'zerodf' of the wald table.
Terms with zero df listed in attribute 'zerodf' of the wald table.
Terms with zero df listed in attribute 'zerodf' of the wald table.
Terms with zero df listed in attribute 'zerodf' of the wald table.
Terms with zero df listed in attribute 'zerodf' of the wald table.
Terms with zero df listed in attribute 'zerodf' of the wald table.
Terms with zero df listed in attribute 'zerodf' of the wald table.
Terms with zero df listed in attribute 'zerodf' of the wald table.
Terms with zero df listed in attribute 'zerodf' of the wald table.
Terms with zero df listed in attribute 'zerodf' of the wald table.
Terms with zero df listed in attribute 'zerodf' of the wald table.
Terms with zero df listed in attribute 'zerodf' of the wald table.
Terms with zero df listed in attribute 'zerodf' of the wald table.
Terms with zero df listed in attribute 'zerodf' of the wald table.
Terms with zero df listed in attribute 'zerodf' of the wald table.
Terms with zero df listed in attribute 'zerodf' of the wald table.
Terms with zero df listed in attribute 'zerodf' of the wald table.
Terms with zero df listed in attribute 'zerodf' of the wald table.
Terms with zero df listed in attribute 'zerodf' of the wald table.
Terms with zero df listed in attribute 'zerodf' of the wald table.
Terms with zero df listed in attribute 'zerodf' of the wald table.
Terms with zero df listed in attribute 'zerodf' of the wald table.
Terms with zero df listed in attribute 'zerodf' of the wald table.
Terms with zero df listed in attribute 'zerodf' of the wald table.
Terms with zero df listed in attribute 'zerodf' of the wald table.
Terms with zero df listed in attribute 'zerodf' of the wald table.
Terms with zero df listed in attribute 'zerodf' of the wald table.
Terms with zero df listed in attribute 'zerodf' of the wald table.
Terms with zero df listed in attribute 'zerodf' of the wald table.
Terms with zero df listed in attribute 'zerodf' of the wald table.
Terms with zero df listed in attribute 'zerodf' of the wald table.
Terms with zero df listed in attribute 'zerodf' of the wald table.
Terms with zero df listed in attribute 'zerodf' of the wald table.
Terms with zero df listed in attribute 'zerodf' of the wald table.
Terms with zero df listed in attribute 'zerodf' of the wald table.
Terms with zero df listed in attribute 'zerodf' of the wald table.
Terms with zero df listed in attribute 'zerodf' of the wald table.
Terms with zero df listed in attribute 'zerodf' of the wald table.
Terms with zero df listed in attribute 'zerodf' of the wald table.
Terms with zero df listed in attribute 'zerodf' of the wald table.
Terms with zero df listed in attribute 'zerodf' of the wald table.
Terms with zero df listed in attribute 'zerodf' of the wald table.
Terms with zero df listed in attribute 'zerodf' of the wald table.
Terms with zero df listed in attribute 'zerodf' of the wald table.
Terms with zero df listed in attribute 'zerodf' of the wald table.
Terms with zero df listed in attribute 'zerodf' of the wald table.
Terms with zero df listed in attribute 'zerodf' of the wald table.
Terms with zero df listed in attribute 'zerodf' of the wald table.
Terms with zero df listed in attribute 'zerodf' of the wald table.
Terms with zero df listed in attribute 'zerodf' of the wald table.
Terms with zero df listed in attribute 'zerodf' of the wald table.
Terms with zero df listed in attribute 'zerodf' of the wald table.
Terms with zero df listed in attribute 'zerodf' of the wald table.
Terms with zero df listed in attribute 'zerodf' of the wald table.
Terms with zero df listed in attribute 'zerodf' of the wald table.
Terms with zero df listed in attribute 'zerodf' of the wald table.
Terms with zero df listed in attribute 'zerodf' of the wald table.
Terms with zero df listed in attribute 'zerodf' of the wald table.
Terms with zero df listed in attribute 'zerodf' of the wald table.
Terms with zero df listed in attribute 'zerodf' of the wald table.
Terms with zero df listed in attribute 'zerodf' of the wald table.
Terms with zero df listed in attribute 'zerodf' of the wald table.
Terms with zero df listed in attribute 'zerodf' of the wald table.
Terms with zero df listed in attribute 'zerodf' of the wald table.
Terms with zero df listed in attribute 'zerodf' of the wald table.
Terms with zero df listed in attribute 'zerodf' of the wald table.
Terms with zero df listed in attribute 'zerodf' of the wald table.
Terms with zero df listed in attribute 'zerodf' of the wald table.
Terms with zero df listed in attribute 'zerodf' of the wald table.
Terms with zero df listed in attribute 'zerodf' of the wald table.
Terms with zero df listed in attribute 'zerodf' of the wald table.
Terms with zero df listed in attribute 'zerodf' of the wald table.
Terms with zero df listed in attribute 'zerodf' of the wald table.
Terms with zero df listed in attribute 'zerodf' of the wald table.
Terms with zero df listed in attribute 'zerodf' of the wald table.
Terms with zero df listed in attribute 'zerodf' of the wald table.
Terms with zero df listed in attribute 'zerodf' of the wald table.
Terms with zero df listed in attribute 'zerodf' of the wald table.
Terms with zero df listed in attribute 'zerodf' of the wald table.
Terms with zero df listed in attribute 'zerodf' of the wald table.
Terms with zero df listed in attribute 'zerodf' of the wald table.
Terms with zero df listed in attribute 'zerodf' of the wald table.
Terms with zero df listed in attribute 'zerodf' of the wald table.
Terms with zero df listed in attribute 'zerodf' of the wald table.
Terms with zero df listed in attribute 'zerodf' of the wald table.
Terms with zero df listed in attribute 'zerodf' of the wald table.
Terms with zero df listed in attribute 'zerodf' of the wald table.
Terms with zero df listed in attribute 'zerodf' of the wald table.
Terms with zero df listed in attribute 'zerodf' of the wald table.
Terms with zero df listed in attribute 'zerodf' of the wald table.
Terms with zero df listed in attribute 'zerodf' of the wald table.
Terms with zero df listed in attribute 'zerodf' of the wald table.
Terms with zero df listed in attribute 'zerodf' of the wald table.
Terms with zero df listed in attribute 'zerodf' of the wald table.
Terms with zero df listed in attribute 'zerodf' of the wald table.
Terms with zero df listed in attribute 'zerodf' of the wald table.
Terms with zero df listed in attribute 'zerodf' of the wald table.
Terms with zero df listed in attribute 'zerodf' of the wald table.
Terms with zero df listed in attribute 'zerodf' of the wald table.
Terms with zero df listed in attribute 'zerodf' of the wald table.
Terms with zero df listed in attribute 'zerodf' of the wald table.
Terms with zero df listed in attribute 'zerodf' of the wald table.
Terms with zero df listed in attribute 'zerodf' of the wald table.
Terms with zero df listed in attribute 'zerodf' of the wald table.
Terms with zero df listed in attribute 'zerodf' of the wald table.
Terms with zero df listed in attribute 'zerodf' of the wald table.
Terms with zero df listed in attribute 'zerodf' of the wald table.
Terms with zero df listed in attribute 'zerodf' of the wald table.
Terms with zero df listed in attribute 'zerodf' of the wald table.
Terms with zero df listed in attribute 'zerodf' of the wald table.
Terms with zero df listed in attribute 'zerodf' of the wald table.
Terms with zero df listed in attribute 'zerodf' of the wald table.
Terms with zero df listed in attribute 'zerodf' of the wald table.
Terms with zero df listed in attribute 'zerodf' of the wald table.
Terms with zero df listed in attribute 'zerodf' of the wald table.
Terms with zero df listed in attribute 'zerodf' of the wald table.
Terms with zero df listed in attribute 'zerodf' of the wald table.
Terms with zero df listed in attribute 'zerodf' of the wald table.
Terms with zero df listed in attribute 'zerodf' of the wald table.
Terms with zero df listed in attribute 'zerodf' of the wald table.
Terms with zero df listed in attribute 'zerodf' of the wald table.
Terms with zero df listed in attribute 'zerodf' of the wald table.
Terms with zero df listed in attribute 'zerodf' of the wald table.
Terms with zero df listed in attribute 'zerodf' of the wald table.
Terms with zero df listed in attribute 'zerodf' of the wald table.
Terms with zero df listed in attribute 'zerodf' of the wald table.
Terms with zero df listed in attribute 'zerodf' of the wald table.
Terms with zero df listed in attribute 'zerodf' of the wald table.
Terms with zero df listed in attribute 'zerodf' of the wald table.
Terms with zero df listed in attribute 'zerodf' of the wald table.
Terms with zero df listed in attribute 'zerodf' of the wald table.
Terms with zero df listed in attribute 'zerodf' of the wald table.
Terms with zero df listed in attribute 'zerodf' of the wald table.
Terms with zero df listed in attribute 'zerodf' of the wald table.
Terms with zero df listed in attribute 'zerodf' of the wald table.
Terms with zero df listed in attribute 'zerodf' of the wald table.
Terms with zero df listed in attribute 'zerodf' of the wald table.
Terms with zero df listed in attribute 'zerodf' of the wald table.
Terms with zero df listed in attribute 'zerodf' of the wald table.
Terms with zero df listed in attribute 'zerodf' of the wald table.
Terms with zero df listed in attribute 'zerodf' of the wald table.
Terms with zero df listed in attribute 'zerodf' of the wald table.
Terms with zero df listed in attribute 'zerodf' of the wald table.
Terms with zero df listed in attribute 'zerodf' of the wald table.
Terms with zero df listed in attribute 'zerodf' of the wald table.
Terms with zero df listed in attribute 'zerodf' of the wald table.
Terms with zero df listed in attribute 'zerodf' of the wald table.
Terms with zero df listed in attribute 'zerodf' of the wald table.
Terms with zero df listed in attribute 'zerodf' of the wald table.
Terms with zero df listed in attribute 'zerodf' of the wald table.
Terms with zero df listed in attribute 'zerodf' of the wald table.
Terms with zero df listed in attribute 'zerodf' of the wald table.
Terms with zero df listed in attribute 'zerodf' of the wald table.
Terms with zero df listed in attribute 'zerodf' of the wald table.
Terms with zero df listed in attribute 'zerodf' of the wald table.
Terms with zero df listed in attribute 'zerodf' of the wald table.
Terms with zero df listed in attribute 'zerodf' of the wald table.
Terms with zero df listed in attribute 'zerodf' of the wald table.
Terms with zero df listed in attribute 'zerodf' of the wald table.
Terms with zero df listed in attribute 'zerodf' of the wald table.
Terms with zero df listed in attribute 'zerodf' of the wald table.
Terms with zero df listed in attribute 'zerodf' of the wald table.
Terms with zero df listed in attribute 'zerodf' of the wald table.
Terms with zero df listed in attribute 'zerodf' of the wald table.
Terms with zero df listed in attribute 'zerodf' of the wald table.
Terms with zero df listed in attribute 'zerodf' of the wald table.
Terms with zero df listed in attribute 'zerodf' of the wald table.
Terms with zero df listed in attribute 'zerodf' of the wald table.
Terms with zero df listed in attribute 'zerodf' of the wald table.
Terms with zero df listed in attribute 'zerodf' of the wald table.
Terms with zero df listed in attribute 'zerodf' of the wald table.
Terms with zero df listed in attribute 'zerodf' of the wald table.
Terms with zero df listed in attribute 'zerodf' of the wald table.
Terms with zero df listed in attribute 'zerodf' of the wald table.
Terms with zero df listed in attribute 'zerodf' of the wald table.
Terms with zero df listed in attribute 'zerodf' of the wald table.
Terms with zero df listed in attribute 'zerodf' of the wald table.
Terms with zero df listed in attribute 'zerodf' of the wald table.
Terms with zero df listed in attribute 'zerodf' of the wald table.
Terms with zero df listed in attribute 'zerodf' of the wald table.
Terms with zero df listed in attribute 'zerodf' of the wald table.
Terms with zero df listed in attribute 'zerodf' of the wald table.
Terms with zero df listed in attribute 'zerodf' of the wald table.
Terms with zero df listed in attribute 'zerodf' of the wald table.
Terms with zero df listed in attribute 'zerodf' of the wald table.
Terms with zero df listed in attribute 'zerodf' of the wald table.
Terms with zero df listed in attribute 'zerodf' of the wald table.
Terms with zero df listed in attribute 'zerodf' of the wald table.
Terms with zero df listed in attribute 'zerodf' of the wald table.
Terms with zero df listed in attribute 'zerodf' of the wald table.
Terms with zero df listed in attribute 'zerodf' of the wald table.
Terms with zero df listed in attribute 'zerodf' of the wald table.
Terms with zero df listed in attribute 'zerodf' of the wald table.
Terms with zero df listed in attribute 'zerodf' of the wald table.
Terms with zero df listed in attribute 'zerodf' of the wald table.
Terms with zero df listed in attribute 'zerodf' of the wald table.
Terms with zero df listed in attribute 'zerodf' of the wald table.
Terms with zero df listed in attribute 'zerodf' of the wald table.
Terms with zero df listed in attribute 'zerodf' of the wald table.
Terms with zero df listed in attribute 'zerodf' of the wald table.
Terms with zero df listed in attribute 'zerodf' of the wald table.
Terms with zero df listed in attribute 'zerodf' of the wald table.
Terms with zero df listed in attribute 'zerodf' of the wald table.
Terms with zero df listed in attribute 'zerodf' of the wald table.
Terms with zero df listed in attribute 'zerodf' of the wald table.
Terms with zero df listed in attribute 'zerodf' of the wald table.
Terms with zero df listed in attribute 'zerodf' of the wald table.
Terms with zero df listed in attribute 'zerodf' of the wald table.
Terms with zero df listed in attribute 'zerodf' of the wald table.
Terms with zero df listed in attribute 'zerodf' of the wald table.
Terms with zero df listed in attribute 'zerodf' of the wald table.
Terms with zero df listed in attribute 'zerodf' of the wald table.
Terms with zero df listed in attribute 'zerodf' of the wald table.
Terms with zero df listed in attribute 'zerodf' of the wald table.
Terms with zero df listed in attribute 'zerodf' of the wald table.
Terms with zero df listed in attribute 'zerodf' of the wald table.
Terms with zero df listed in attribute 'zerodf' of the wald table.
Terms with zero df listed in attribute 'zerodf' of the wald table.
Terms with zero df listed in attribute 'zerodf' of the wald table.
Terms with zero df listed in attribute 'zerodf' of the wald table.
Terms with zero df listed in attribute 'zerodf' of the wald table.
Terms with zero df listed in attribute 'zerodf' of the wald table.
Terms with zero df listed in attribute 'zerodf' of the wald table.
Terms with zero df listed in attribute 'zerodf' of the wald table.
Terms with zero df listed in attribute 'zerodf' of the wald table.
Terms with zero df listed in attribute 'zerodf' of the wald table.
Terms with zero df listed in attribute 'zerodf' of the wald table.
Terms with zero df listed in attribute 'zerodf' of the wald table.
Terms with zero df listed in attribute 'zerodf' of the wald table.
Terms with zero df listed in attribute 'zerodf' of the wald table.
Terms with zero df listed in attribute 'zerodf' of the wald table.
Terms with zero df listed in attribute 'zerodf' of the wald table.
Terms with zero df listed in attribute 'zerodf' of the wald table.
Terms with zero df listed in attribute 'zerodf' of the wald table.
Terms with zero df listed in attribute 'zerodf' of the wald table.
Terms with zero df listed in attribute 'zerodf' of the wald table.
Terms with zero df listed in attribute 'zerodf' of the wald table.
Terms with zero df listed in attribute 'zerodf' of the wald table.
Terms with zero df listed in attribute 'zerodf' of the wald table.
Terms with zero df listed in attribute 'zerodf' of the wald table.
Terms with zero df listed in attribute 'zerodf' of the wald table.
Terms with zero df listed in attribute 'zerodf' of the wald table.
Terms with zero df listed in attribute 'zerodf' of the wald table.
Terms with zero df listed in attribute 'zerodf' of the wald table.
Terms with zero df listed in attribute 'zerodf' of the wald table.
Terms with zero df listed in attribute 'zerodf' of the wald table.
Terms with zero df listed in attribute 'zerodf' of the wald table.
Terms with zero df listed in attribute 'zerodf' of the wald table.
Terms with zero df listed in attribute 'zerodf' of the wald table.
Terms with zero df listed in attribute 'zerodf' of the wald table.
Terms with zero df listed in attribute 'zerodf' of the wald table.
Terms with zero df listed in attribute 'zerodf' of the wald table.
Terms with zero df listed in attribute 'zerodf' of the wald table.
Terms with zero df listed in attribute 'zerodf' of the wald table.
Terms with zero df listed in attribute 'zerodf' of the wald table.
Terms with zero df listed in attribute 'zerodf' of the wald table.
Terms with zero df listed in attribute 'zerodf' of the wald table.
Terms with zero df listed in attribute 'zerodf' of the wald table.
Terms with zero df listed in attribute 'zerodf' of the wald table.
Terms with zero df listed in attribute 'zerodf' of the wald table.
Terms with zero df listed in attribute 'zerodf' of the wald table.
Terms with zero df listed in attribute 'zerodf' of the wald table.
Terms with zero df listed in attribute 'zerodf' of the wald table.
Terms with zero df listed in attribute 'zerodf' of the wald table.
Terms with zero df listed in attribute 'zerodf' of the wald table.
Terms with zero df listed in attribute 'zerodf' of the wald table.
Terms with zero df listed in attribute 'zerodf' of the wald table.
Terms with zero df listed in attribute 'zerodf' of the wald table.
Terms with zero df listed in attribute 'zerodf' of the wald table.
Terms with zero df listed in attribute 'zerodf' of the wald table.
Terms with zero df listed in attribute 'zerodf' of the wald table.
Terms with zero df listed in attribute 'zerodf' of the wald table.
Terms with zero df listed in attribute 'zerodf' of the wald table.
Terms with zero df listed in attribute 'zerodf' of the wald table.
Terms with zero df listed in attribute 'zerodf' of the wald table.
Terms with zero df listed in attribute 'zerodf' of the wald table.
Terms with zero df listed in attribute 'zerodf' of the wald table.
Terms with zero df listed in attribute 'zerodf' of the wald table.
Terms with zero df listed in attribute 'zerodf' of the wald table.
Terms with zero df listed in attribute 'zerodf' of the wald table.
Terms with zero df listed in attribute 'zerodf' of the wald table.
Terms with zero df listed in attribute 'zerodf' of the wald table.
Terms with zero df listed in attribute 'zerodf' of the wald table.
Terms with zero df listed in attribute 'zerodf' of the wald table.
Terms with zero df listed in attribute 'zerodf' of the wald table.
Terms with zero df listed in attribute 'zerodf' of the wald table.
Terms with zero df listed in attribute 'zerodf' of the wald table.
Terms with zero df listed in attribute 'zerodf' of the wald table.
Terms with zero df listed in attribute 'zerodf' of the wald table.
Terms with zero df listed in attribute 'zerodf' of the wald table.
Terms with zero df listed in attribute 'zerodf' of the wald table.
Terms with zero df listed in attribute 'zerodf' of the wald table.
Terms with zero df listed in attribute 'zerodf' of the wald table.
Terms with zero df listed in attribute 'zerodf' of the wald table.
Terms with zero df listed in attribute 'zerodf' of the wald table.
Terms with zero df listed in attribute 'zerodf' of the wald table.
Terms with zero df listed in attribute 'zerodf' of the wald table.
Terms with zero df listed in attribute 'zerodf' of the wald table.
Terms with zero df listed in attribute 'zerodf' of the wald table.
Terms with zero df listed in attribute 'zerodf' of the wald table.
Terms with zero df listed in attribute 'zerodf' of the wald table.
Terms with zero df listed in attribute 'zerodf' of the wald table.
Terms with zero df listed in attribute 'zerodf' of the wald table.
Terms with zero df listed in attribute 'zerodf' of the wald table.
Terms with zero df listed in attribute 'zerodf' of the wald table.
Terms with zero df listed in attribute 'zerodf' of the wald table.
Terms with zero df listed in attribute 'zerodf' of the wald table.
Terms with zero df listed in attribute 'zerodf' of the wald table.
Terms with zero df listed in attribute 'zerodf' of the wald table.
Terms with zero df listed in attribute 'zerodf' of the wald table.
Terms with zero df listed in attribute 'zerodf' of the wald table.
Terms with zero df listed in attribute 'zerodf' of the wald table.
Terms with zero df listed in attribute 'zerodf' of the wald table.
Terms with zero df listed in attribute 'zerodf' of the wald table.
Terms with zero df listed in attribute 'zerodf' of the wald table.
Terms with zero df listed in attribute 'zerodf' of the wald table.
Terms with zero df listed in attribute 'zerodf' of the wald table.
Terms with zero df listed in attribute 'zerodf' of the wald table.
Terms with zero df listed in attribute 'zerodf' of the wald table.
Terms with zero df listed in attribute 'zerodf' of the wald table.
Terms with zero df listed in attribute 'zerodf' of the wald table.
Terms with zero df listed in attribute 'zerodf' of the wald table.
Terms with zero df listed in attribute 'zerodf' of the wald table.
Terms with zero df listed in attribute 'zerodf' of the wald table.
Terms with zero df listed in attribute 'zerodf' of the wald table.
Terms with zero df listed in attribute 'zerodf' of the wald table.
Terms with zero df listed in attribute 'zerodf' of the wald table.
Terms with zero df listed in attribute 'zerodf' of the wald table.
Terms with zero df listed in attribute 'zerodf' of the wald table.
Terms with zero df listed in attribute 'zerodf' of the wald table.
Terms with zero df listed in attribute 'zerodf' of the wald table.
Terms with zero df listed in attribute 'zerodf' of the wald table.
Terms with zero df listed in attribute 'zerodf' of the wald table.
Terms with zero df listed in attribute 'zerodf' of the wald table.
Terms with zero df listed in attribute 'zerodf' of the wald table.
Terms with zero df listed in attribute 'zerodf' of the wald table.
Terms with zero df listed in attribute 'zerodf' of the wald table.
Terms with zero df listed in attribute 'zerodf' of the wald table.
Terms with zero df listed in attribute 'zerodf' of the wald table.
Terms with zero df listed in attribute 'zerodf' of the wald table.
Terms with zero df listed in attribute 'zerodf' of the wald table.
Terms with zero df listed in attribute 'zerodf' of the wald table.
Terms with zero df listed in attribute 'zerodf' of the wald table.
Terms with zero df listed in attribute 'zerodf' of the wald table.
Terms with zero df listed in attribute 'zerodf' of the wald table.
Terms with zero df listed in attribute 'zerodf' of the wald table.
Terms with zero df listed in attribute 'zerodf' of the wald table.
Terms with zero df listed in attribute 'zerodf' of the wald table.
Terms with zero df listed in attribute 'zerodf' of the wald table.
Terms with zero df listed in attribute 'zerodf' of the wald table.
Terms with zero df listed in attribute 'zerodf' of the wald table.
Terms with zero df listed in attribute 'zerodf' of the wald table.
Terms with zero df listed in attribute 'zerodf' of the wald table.
Terms with zero df listed in attribute 'zerodf' of the wald table.
Terms with zero df listed in attribute 'zerodf' of the wald table.
Terms with zero df listed in attribute 'zerodf' of the wald table.
Terms with zero df listed in attribute 'zerodf' of the wald table.
Terms with zero df listed in attribute 'zerodf' of the wald table.
Terms with zero df listed in attribute 'zerodf' of the wald table.
Terms with zero df listed in attribute 'zerodf' of the wald table.
Terms with zero df listed in attribute 'zerodf' of the wald table.
Terms with zero df listed in attribute 'zerodf' of the wald table.
Terms with zero df listed in attribute 'zerodf' of the wald table.
Terms with zero df listed in attribute 'zerodf' of the wald table.
Terms with zero df listed in attribute 'zerodf' of the wald table.
Terms with zero df listed in attribute 'zerodf' of the wald table.
Terms with zero df listed in attribute 'zerodf' of the wald table.
Terms with zero df listed in attribute 'zerodf' of the wald table.
Terms with zero df listed in attribute 'zerodf' of the wald table.
Terms with zero df listed in attribute 'zerodf' of the wald table.
Terms with zero df listed in attribute 'zerodf' of the wald table.
Terms with zero df listed in attribute 'zerodf' of the wald table.
Terms with zero df listed in attribute 'zerodf' of the wald table.
Terms with zero df listed in attribute 'zerodf' of the wald table.
Terms with zero df listed in attribute 'zerodf' of the wald table.
Terms with zero df listed in attribute 'zerodf' of the wald table.
Terms with zero df listed in attribute 'zerodf' of the wald table.
Terms with zero df listed in attribute 'zerodf' of the wald table.
Terms with zero df listed in attribute 'zerodf' of the wald table.
Terms with zero df listed in attribute 'zerodf' of the wald table.
Terms with zero df listed in attribute 'zerodf' of the wald table.
Terms with zero df listed in attribute 'zerodf' of the wald table.
Terms with zero df listed in attribute 'zerodf' of the wald table.
Terms with zero df listed in attribute 'zerodf' of the wald table.
Terms with zero df listed in attribute 'zerodf' of the wald table.
Terms with zero df listed in attribute 'zerodf' of the wald table.
Terms with zero df listed in attribute 'zerodf' of the wald table.
Terms with zero df listed in attribute 'zerodf' of the wald table.
Terms with zero df listed in attribute 'zerodf' of the wald table.
Terms with zero df listed in attribute 'zerodf' of the wald table.
Terms with zero df listed in attribute 'zerodf' of the wald table.
Terms with zero df listed in attribute 'zerodf' of the wald table.
Terms with zero df listed in attribute 'zerodf' of the wald table.
Terms with zero df listed in attribute 'zerodf' of the wald table.
Terms with zero df listed in attribute 'zerodf' of the wald table.
Terms with zero df listed in attribute 'zerodf' of the wald table.
Terms with zero df listed in attribute 'zerodf' of the wald table.
Terms with zero df listed in attribute 'zerodf' of the wald table.
Terms with zero df listed in attribute 'zerodf' of the wald table.
Terms with zero df listed in attribute 'zerodf' of the wald table.
Terms with zero df listed in attribute 'zerodf' of the wald table.
Terms with zero df listed in attribute 'zerodf' of the wald table.
Terms with zero df listed in attribute 'zerodf' of the wald table.
Terms with zero df listed in attribute 'zerodf' of the wald table.
Terms with zero df listed in attribute 'zerodf' of the wald table.
Terms with zero df listed in attribute 'zerodf' of the wald table.
Terms with zero df listed in attribute 'zerodf' of the wald table.
Terms with zero df listed in attribute 'zerodf' of the wald table.
Terms with zero df listed in attribute 'zerodf' of the wald table.
Terms with zero df listed in attribute 'zerodf' of the wald table.
Terms with zero df listed in attribute 'zerodf' of the wald table.
Terms with zero df listed in attribute 'zerodf' of the wald table.
Terms with zero df listed in attribute 'zerodf' of the wald table.
Terms with zero df listed in attribute 'zerodf' of the wald table.
Terms with zero df listed in attribute 'zerodf' of the wald table.
Terms with zero df listed in attribute 'zerodf' of the wald table.
Terms with zero df listed in attribute 'zerodf' of the wald table.
Terms with zero df listed in attribute 'zerodf' of the wald table.
Terms with zero df listed in attribute 'zerodf' of the wald table.
Terms with zero df listed in attribute 'zerodf' of the wald table.
Terms with zero df listed in attribute 'zerodf' of the wald table.
Terms with zero df listed in attribute 'zerodf' of the wald table.
Terms with zero df listed in attribute 'zerodf' of the wald table.
Terms with zero df listed in attribute 'zerodf' of the wald table.
Terms with zero df listed in attribute 'zerodf' of the wald table.
Terms with zero df listed in attribute 'zerodf' of the wald table.
Terms with zero df listed in attribute 'zerodf' of the wald table.
Terms with zero df listed in attribute 'zerodf' of the wald table.
Terms with zero df listed in attribute 'zerodf' of the wald table.
Terms with zero df listed in attribute 'zerodf' of the wald table.
Terms with zero df listed in attribute 'zerodf' of the wald table.
Terms with zero df listed in attribute 'zerodf' of the wald table.
Terms with zero df listed in attribute 'zerodf' of the wald table.
Terms with zero df listed in attribute 'zerodf' of the wald table.
Terms with zero df listed in attribute 'zerodf' of the wald table.
Terms with zero df listed in attribute 'zerodf' of the wald table.
Terms with zero df listed in attribute 'zerodf' of the wald table.
Terms with zero df listed in attribute 'zerodf' of the wald table.
Terms with zero df listed in attribute 'zerodf' of the wald table.
Terms with zero df listed in attribute 'zerodf' of the wald table.
Terms with zero df listed in attribute 'zerodf' of the wald table.
Terms with zero df listed in attribute 'zerodf' of the wald table.
Terms with zero df listed in attribute 'zerodf' of the wald table.
Terms with zero df listed in attribute 'zerodf' of the wald table.
Terms with zero df listed in attribute 'zerodf' of the wald table.
Terms with zero df listed in attribute 'zerodf' of the wald table.
Terms with zero df listed in attribute 'zerodf' of the wald table.
Terms with zero df listed in attribute 'zerodf' of the wald table.
Terms with zero df listed in attribute 'zerodf' of the wald table.
Terms with zero df listed in attribute 'zerodf' of the wald table.
Terms with zero df listed in attribute 'zerodf' of the wald table.
Terms with zero df listed in attribute 'zerodf' of the wald table.
Terms with zero df listed in attribute 'zerodf' of the wald table.
Terms with zero df listed in attribute 'zerodf' of the wald table.
Terms with zero df listed in attribute 'zerodf' of the wald table.
Terms with zero df listed in attribute 'zerodf' of the wald table.
Terms with zero df listed in attribute 'zerodf' of the wald table.
Terms with zero df listed in attribute 'zerodf' of the wald table.
Terms with zero df listed in attribute 'zerodf' of the wald table.
Terms with zero df listed in attribute 'zerodf' of the wald table.
Terms with zero df listed in attribute 'zerodf' of the wald table.
Terms with zero df listed in attribute 'zerodf' of the wald table.
Terms with zero df listed in attribute 'zerodf' of the wald table.
Terms with zero df listed in attribute 'zerodf' of the wald table.
Terms with zero df listed in attribute 'zerodf' of the wald table.
Terms with zero df listed in attribute 'zerodf' of the wald table.
Terms with zero df listed in attribute 'zerodf' of the wald table.
Terms with zero df listed in attribute 'zerodf' of the wald table.
Terms with zero df listed in attribute 'zerodf' of the wald table.
Terms with zero df listed in attribute 'zerodf' of the wald table.
Terms with zero df listed in attribute 'zerodf' of the wald table.
Terms with zero df listed in attribute 'zerodf' of the wald table.
Terms with zero df listed in attribute 'zerodf' of the wald table.
Terms with zero df listed in attribute 'zerodf' of the wald table.
Terms with zero df listed in attribute 'zerodf' of the wald table.
Terms with zero df listed in attribute 'zerodf' of the wald table.
Terms with zero df listed in attribute 'zerodf' of the wald table.
Terms with zero df listed in attribute 'zerodf' of the wald table.
Terms with zero df listed in attribute 'zerodf' of the wald table.
Terms with zero df listed in attribute 'zerodf' of the wald table.
Terms with zero df listed in attribute 'zerodf' of the wald table.
Terms with zero df listed in attribute 'zerodf' of the wald table.
Terms with zero df listed in attribute 'zerodf' of the wald table.
Terms with zero df listed in attribute 'zerodf' of the wald table.
Terms with zero df listed in attribute 'zerodf' of the wald table.
Terms with zero df listed in attribute 'zerodf' of the wald table.
Terms with zero df listed in attribute 'zerodf' of the wald table.
Terms with zero df listed in attribute 'zerodf' of the wald table.
Terms with zero df listed in attribute 'zerodf' of the wald table.
Terms with zero df listed in attribute 'zerodf' of the wald table.
Terms with zero df listed in attribute 'zerodf' of the wald table.
Terms with zero df listed in attribute 'zerodf' of the wald table.
Terms with zero df listed in attribute 'zerodf' of the wald table.
Terms with zero df listed in attribute 'zerodf' of the wald table.
Terms with zero df listed in attribute 'zerodf' of the wald table.
Terms with zero df listed in attribute 'zerodf' of the wald table.
Terms with zero df listed in attribute 'zerodf' of the wald table.
Terms with zero df listed in attribute 'zerodf' of the wald table.
Terms with zero df listed in attribute 'zerodf' of the wald table.
Terms with zero df listed in attribute 'zerodf' of the wald table.
Terms with zero df listed in attribute 'zerodf' of the wald table.
Terms with zero df listed in attribute 'zerodf' of the wald table.
Terms with zero df listed in attribute 'zerodf' of the wald table.
Terms with zero df listed in attribute 'zerodf' of the wald table.
Terms with zero df listed in attribute 'zerodf' of the wald table.
Terms with zero df listed in attribute 'zerodf' of the wald table.
Terms with zero df listed in attribute 'zerodf' of the wald table.
Terms with zero df listed in attribute 'zerodf' of the wald table.
Terms with zero df listed in attribute 'zerodf' of the wald table.
Terms with zero df listed in attribute 'zerodf' of the wald table.
Terms with zero df listed in attribute 'zerodf' of the wald table.
Terms with zero df listed in attribute 'zerodf' of the wald table.
Terms with zero df listed in attribute 'zerodf' of the wald table.
Terms with zero df listed in attribute 'zerodf' of the wald table.
Terms with zero df listed in attribute 'zerodf' of the wald table.
Terms with zero df listed in attribute 'zerodf' of the wald table.
Terms with zero df listed in attribute 'zerodf' of the wald table.
Terms with zero df listed in attribute 'zerodf' of the wald table.
Terms with zero df listed in attribute 'zerodf' of the wald table.
Terms with zero df listed in attribute 'zerodf' of the wald table.
Terms with zero df listed in attribute 'zerodf' of the wald table.
Terms with zero df listed in attribute 'zerodf' of the wald table.
Terms with zero df listed in attribute 'zerodf' of the wald table.
Terms with zero df listed in attribute 'zerodf' of the wald table.
Terms with zero df listed in attribute 'zerodf' of the wald table.
Terms with zero df listed in attribute 'zerodf' of the wald table.
Terms with zero df listed in attribute 'zerodf' of the wald table.
Terms with zero df listed in attribute 'zerodf' of the wald table.
Terms with zero df listed in attribute 'zerodf' of the wald table.
Terms with zero df listed in attribute 'zerodf' of the wald table.
Terms with zero df listed in attribute 'zerodf' of the wald table.
Terms with zero df listed in attribute 'zerodf' of the wald table.
Terms with zero df listed in attribute 'zerodf' of the wald table.
Terms with zero df listed in attribute 'zerodf' of the wald table.
Terms with zero df listed in attribute 'zerodf' of the wald table.
Terms with zero df listed in attribute 'zerodf' of the wald table.
Terms with zero df listed in attribute 'zerodf' of the wald table.
Terms with zero df listed in attribute 'zerodf' of the wald table.
Terms with zero df listed in attribute 'zerodf' of the wald table.
Terms with zero df listed in attribute 'zerodf' of the wald table.
Terms with zero df listed in attribute 'zerodf' of the wald table.
Terms with zero df listed in attribute 'zerodf' of the wald table.
Terms with zero df listed in attribute 'zerodf' of the wald table.
Terms with zero df listed in attribute 'zerodf' of the wald table.
Terms with zero df listed in attribute 'zerodf' of the wald table.
Terms with zero df listed in attribute 'zerodf' of the wald table.
Terms with zero df listed in attribute 'zerodf' of the wald table.
Terms with zero df listed in attribute 'zerodf' of the wald table.
Terms with zero df listed in attribute 'zerodf' of the wald table.
Terms with zero df listed in attribute 'zerodf' of the wald table.
Terms with zero df listed in attribute 'zerodf' of the wald table.
Terms with zero df listed in attribute 'zerodf' of the wald table.
Terms with zero df listed in attribute 'zerodf' of the wald table.
Terms with zero df listed in attribute 'zerodf' of the wald table.
Terms with zero df listed in attribute 'zerodf' of the wald table.
Terms with zero df listed in attribute 'zerodf' of the wald table.
Terms with zero df listed in attribute 'zerodf' of the wald table.
Terms with zero df listed in attribute 'zerodf' of the wald table.
Terms with zero df listed in attribute 'zerodf' of the wald table.
Terms with zero df listed in attribute 'zerodf' of the wald table.
Terms with zero df listed in attribute 'zerodf' of the wald table.
Terms with zero df listed in attribute 'zerodf' of the wald table.
Terms with zero df listed in attribute 'zerodf' of the wald table.
Terms with zero df listed in attribute 'zerodf' of the wald table.
Terms with zero df listed in attribute 'zerodf' of the wald table.
Terms with zero df listed in attribute 'zerodf' of the wald table.
Terms with zero df listed in attribute 'zerodf' of the wald table.
Terms with zero df listed in attribute 'zerodf' of the wald table.
Terms with zero df listed in attribute 'zerodf' of the wald table.
Terms with zero df listed in attribute 'zerodf' of the wald table.
Terms with zero df listed in attribute 'zerodf' of the wald table.
Terms with zero df listed in attribute 'zerodf' of the wald table.
Terms with zero df listed in attribute 'zerodf' of the wald table.
Terms with zero df listed in attribute 'zerodf' of the wald table.
Terms with zero df listed in attribute 'zerodf' of the wald table.
Terms with zero df listed in attribute 'zerodf' of the wald table.
Terms with zero df listed in attribute 'zerodf' of the wald table.
Terms with zero df listed in attribute 'zerodf' of the wald table.
Terms with zero df listed in attribute 'zerodf' of the wald table.
Terms with zero df listed in attribute 'zerodf' of the wald table.
Terms with zero df listed in attribute 'zerodf' of the wald table.
Terms with zero df listed in attribute 'zerodf' of the wald table.
Terms with zero df listed in attribute 'zerodf' of the wald table.
Terms with zero df listed in attribute 'zerodf' of the wald table.
Terms with zero df listed in attribute 'zerodf' of the wald table.
Terms with zero df listed in attribute 'zerodf' of the wald table.
Terms with zero df listed in attribute 'zerodf' of the wald table.
Terms with zero df listed in attribute 'zerodf' of the wald table.
Terms with zero df listed in attribute 'zerodf' of the wald table.
Terms with zero df listed in attribute 'zerodf' of the wald table.
Terms with zero df listed in attribute 'zerodf' of the wald table.
Terms with zero df listed in attribute 'zerodf' of the wald table.
Terms with zero df listed in attribute 'zerodf' of the wald table.
Terms with zero df listed in attribute 'zerodf' of the wald table.
Terms with zero df listed in attribute 'zerodf' of the wald table.
Terms with zero df listed in attribute 'zerodf' of the wald table.
Terms with zero df listed in attribute 'zerodf' of the wald table.
Terms with zero df listed in attribute 'zerodf' of the wald table.
Terms with zero df listed in attribute 'zerodf' of the wald table.
Terms with zero df listed in attribute 'zerodf' of the wald table.
Terms with zero df listed in attribute 'zerodf' of the wald table.
Terms with zero df listed in attribute 'zerodf' of the wald table.
Terms with zero df listed in attribute 'zerodf' of the wald table.
Terms with zero df listed in attribute 'zerodf' of the wald table.
Terms with zero df listed in attribute 'zerodf' of the wald table.
Terms with zero df listed in attribute 'zerodf' of the wald table.
Terms with zero df listed in attribute 'zerodf' of the wald table.
Terms with zero df listed in attribute 'zerodf' of the wald table.
Terms with zero df listed in attribute 'zerodf' of the wald table.
Terms with zero df listed in attribute 'zerodf' of the wald table.
Terms with zero df listed in attribute 'zerodf' of the wald table.
Terms with zero df listed in attribute 'zerodf' of the wald table.
Terms with zero df listed in attribute 'zerodf' of the wald table.
Terms with zero df listed in attribute 'zerodf' of the wald table.
Terms with zero df listed in attribute 'zerodf' of the wald table.
Terms with zero df listed in attribute 'zerodf' of the wald table.
Terms with zero df listed in attribute 'zerodf' of the wald table.
Terms with zero df listed in attribute 'zerodf' of the wald table.
Terms with zero df listed in attribute 'zerodf' of the wald table.
Terms with zero df listed in attribute 'zerodf' of the wald table.
Terms with zero df listed in attribute 'zerodf' of the wald table.
Terms with zero df listed in attribute 'zerodf' of the wald table.
Terms with zero df listed in attribute 'zerodf' of the wald table.
Terms with zero df listed in attribute 'zerodf' of the wald table.
Terms with zero df listed in attribute 'zerodf' of the wald table.
Terms with zero df listed in attribute 'zerodf' of the wald table.
Terms with zero df listed in attribute 'zerodf' of the wald table.
Terms with zero df listed in attribute 'zerodf' of the wald table.
Terms with zero df listed in attribute 'zerodf' of the wald table.
Terms with zero df listed in attribute 'zerodf' of the wald table.
Terms with zero df listed in attribute 'zerodf' of the wald table.
Terms with zero df listed in attribute 'zerodf' of the wald table.
Terms with zero df listed in attribute 'zerodf' of the wald table.
Terms with zero df listed in attribute 'zerodf' of the wald table.
Terms with zero df listed in attribute 'zerodf' of the wald table.
Terms with zero df listed in attribute 'zerodf' of the wald table.
Terms with zero df listed in attribute 'zerodf' of the wald table.
Terms with zero df listed in attribute 'zerodf' of the wald table.
Terms with zero df listed in attribute 'zerodf' of the wald table.
Terms with zero df listed in attribute 'zerodf' of the wald table.
Terms with zero df listed in attribute 'zerodf' of the wald table.
Terms with zero df listed in attribute 'zerodf' of the wald table.
Terms with zero df listed in attribute 'zerodf' of the wald table.
Terms with zero df listed in attribute 'zerodf' of the wald table.
Terms with zero df listed in attribute 'zerodf' of the wald table.
Terms with zero df listed in attribute 'zerodf' of the wald table.
Terms with zero df listed in attribute 'zerodf' of the wald table.
Terms with zero df listed in attribute 'zerodf' of the wald table.
Terms with zero df listed in attribute 'zerodf' of the wald table.
Terms with zero df listed in attribute 'zerodf' of the wald table.
Terms with zero df listed in attribute 'zerodf' of the wald table.
Terms with zero df listed in attribute 'zerodf' of the wald table.
Terms with zero df listed in attribute 'zerodf' of the wald table.
Terms with zero df listed in attribute 'zerodf' of the wald table.
Terms with zero df listed in attribute 'zerodf' of the wald table.
Terms with zero df listed in attribute 'zerodf' of the wald table.
Terms with zero df listed in attribute 'zerodf' of the wald table.
Terms with zero df listed in attribute 'zerodf' of the wald table.
Terms with zero df listed in attribute 'zerodf' of the wald table.
Terms with zero df listed in attribute 'zerodf' of the wald table.
Terms with zero df listed in attribute 'zerodf' of the wald table.
Terms with zero df listed in attribute 'zerodf' of the wald table.
Terms with zero df listed in attribute 'zerodf' of the wald table.
Terms with zero df listed in attribute 'zerodf' of the wald table.
Terms with zero df listed in attribute 'zerodf' of the wald table.
Terms with zero df listed in attribute 'zerodf' of the wald table.
Terms with zero df listed in attribute 'zerodf' of the wald table.
Terms with zero df listed in attribute 'zerodf' of the wald table.
Terms with zero df listed in attribute 'zerodf' of the wald table.
Terms with zero df listed in attribute 'zerodf' of the wald table.
Terms with zero df listed in attribute 'zerodf' of the wald table.
Terms with zero df listed in attribute 'zerodf' of the wald table.
Terms with zero df listed in attribute 'zerodf' of the wald table.
Terms with zero df listed in attribute 'zerodf' of the wald table.
Terms with zero df listed in attribute 'zerodf' of the wald table.
Terms with zero df listed in attribute 'zerodf' of the wald table.
Terms with zero df listed in attribute 'zerodf' of the wald table.
Terms with zero df listed in attribute 'zerodf' of the wald table.
Terms with zero df listed in attribute 'zerodf' of the wald table.
Terms with zero df listed in attribute 'zerodf' of the wald table.
Terms with zero df listed in attribute 'zerodf' of the wald table.
Terms with zero df listed in attribute 'zerodf' of the wald table.
Terms with zero df listed in attribute 'zerodf' of the wald table.
Terms with zero df listed in attribute 'zerodf' of the wald table.
Terms with zero df listed in attribute 'zerodf' of the wald table.
Terms with zero df listed in attribute 'zerodf' of the wald table.
Terms with zero df listed in attribute 'zerodf' of the wald table.
Terms with zero df listed in attribute 'zerodf' of the wald table.
Terms with zero df listed in attribute 'zerodf' of the wald table.
Terms with zero df listed in attribute 'zerodf' of the wald table.
Terms with zero df listed in attribute 'zerodf' of the wald table.
Terms with zero df listed in attribute 'zerodf' of the wald table.
Terms with zero df listed in attribute 'zerodf' of the wald table.
Terms with zero df listed in attribute 'zerodf' of the wald table.
Terms with zero df listed in attribute 'zerodf' of the wald table.
Terms with zero df listed in attribute 'zerodf' of the wald table.
Terms with zero df listed in attribute 'zerodf' of the wald table.
Terms with zero df listed in attribute 'zerodf' of the wald table.
Terms with zero df listed in attribute 'zerodf' of the wald table.
Terms with zero df listed in attribute 'zerodf' of the wald table.
Terms with zero df listed in attribute 'zerodf' of the wald table.
Terms with zero df listed in attribute 'zerodf' of the wald table.
Terms with zero df listed in attribute 'zerodf' of the wald table.
Terms with zero df listed in attribute 'zerodf' of the wald table.
Terms with zero df listed in attribute 'zerodf' of the wald table.
Terms with zero df listed in attribute 'zerodf' of the wald table.
Terms with zero df listed in attribute 'zerodf' of the wald table.
Terms with zero df listed in attribute 'zerodf' of the wald table.
Terms with zero df listed in attribute 'zerodf' of the wald table.
Terms with zero df listed in attribute 'zerodf' of the wald table.
Terms with zero df listed in attribute 'zerodf' of the wald table.
Terms with zero df listed in attribute 'zerodf' of the wald table.
Terms with zero df listed in attribute 'zerodf' of the wald table.
Terms with zero df listed in attribute 'zerodf' of the wald table.
Terms with zero df listed in attribute 'zerodf' of the wald table.
Terms with zero df listed in attribute 'zerodf' of the wald table.
Terms with zero df listed in attribute 'zerodf' of the wald table.
Terms with zero df listed in attribute 'zerodf' of the wald table.
Terms with zero df listed in attribute 'zerodf' of the wald table.
Terms with zero df listed in attribute 'zerodf' of the wald table.
Terms with zero df listed in attribute 'zerodf' of the wald table.
Terms with zero df listed in attribute 'zerodf' of the wald table.
Terms with zero df listed in attribute 'zerodf' of the wald table.
Terms with zero df listed in attribute 'zerodf' of the wald table.
Terms with zero df listed in attribute 'zerodf' of the wald table.
Terms with zero df listed in attribute 'zerodf' of the wald table.
Terms with zero df listed in attribute 'zerodf' of the wald table.
Terms with zero df listed in attribute 'zerodf' of the wald table.
Terms with zero df listed in attribute 'zerodf' of the wald table.
Terms with zero df listed in attribute 'zerodf' of the wald table.
Terms with zero df listed in attribute 'zerodf' of the wald table.
Terms with zero df listed in attribute 'zerodf' of the wald table.
Terms with zero df listed in attribute 'zerodf' of the wald table.
Terms with zero df listed in attribute 'zerodf' of the wald table.
Terms with zero df listed in attribute 'zerodf' of the wald table.
Terms with zero df listed in attribute 'zerodf' of the wald table.
Terms with zero df listed in attribute 'zerodf' of the wald table.
Terms with zero df listed in attribute 'zerodf' of the wald table.
Terms with zero df listed in attribute 'zerodf' of the wald table.
Terms with zero df listed in attribute 'zerodf' of the wald table.
Terms with zero df listed in attribute 'zerodf' of the wald table.
Terms with zero df listed in attribute 'zerodf' of the wald table.
Terms with zero df listed in attribute 'zerodf' of the wald table.
Terms with zero df listed in attribute 'zerodf' of the wald table.
Terms with zero df listed in attribute 'zerodf' of the wald table.
Terms with zero df listed in attribute 'zerodf' of the wald table.
Terms with zero df listed in attribute 'zerodf' of the wald table.
Terms with zero df listed in attribute 'zerodf' of the wald table.
Terms with zero df listed in attribute 'zerodf' of the wald table.
Terms with zero df listed in attribute 'zerodf' of the wald table.
Terms with zero df listed in attribute 'zerodf' of the wald table.
Terms with zero df listed in attribute 'zerodf' of the wald table.
Terms with zero df listed in attribute 'zerodf' of the wald table.
Terms with zero df listed in attribute 'zerodf' of the wald table.
Terms with zero df listed in attribute 'zerodf' of the wald table.
Terms with zero df listed in attribute 'zerodf' of the wald table.
Terms with zero df listed in attribute 'zerodf' of the wald table.
Terms with zero df listed in attribute 'zerodf' of the wald table.
Terms with zero df listed in attribute 'zerodf' of the wald table.
Terms with zero df listed in attribute 'zerodf' of the wald table.
Terms with zero df listed in attribute 'zerodf' of the wald table.
Terms with zero df listed in attribute 'zerodf' of the wald table.
Terms with zero df listed in attribute 'zerodf' of the wald table.
Terms with zero df listed in attribute 'zerodf' of the wald table.
Terms with zero df listed in attribute 'zerodf' of the wald table.
Terms with zero df listed in attribute 'zerodf' of the wald table.
Terms with zero df listed in attribute 'zerodf' of the wald table.
Terms with zero df listed in attribute 'zerodf' of the wald table.
Terms with zero df listed in attribute 'zerodf' of the wald table.
Terms with zero df listed in attribute 'zerodf' of the wald table.
Terms with zero df listed in attribute 'zerodf' of the wald table.
Terms with zero df listed in attribute 'zerodf' of the wald table.
Terms with zero df listed in attribute 'zerodf' of the wald table.
Terms with zero df listed in attribute 'zerodf' of the wald table.
Terms with zero df listed in attribute 'zerodf' of the wald table.
Terms with zero df listed in attribute 'zerodf' of the wald table.
Terms with zero df listed in attribute 'zerodf' of the wald table.
Terms with zero df listed in attribute 'zerodf' of the wald table.
Terms with zero df listed in attribute 'zerodf' of the wald table.
Terms with zero df listed in attribute 'zerodf' of the wald table.
Terms with zero df listed in attribute 'zerodf' of the wald table.
Terms with zero df listed in attribute 'zerodf' of the wald table.
Terms with zero df listed in attribute 'zerodf' of the wald table.
Terms with zero df listed in attribute 'zerodf' of the wald table.
Terms with zero df listed in attribute 'zerodf' of the wald table.
Terms with zero df listed in attribute 'zerodf' of the wald table.
Terms with zero df listed in attribute 'zerodf' of the wald table.
Terms with zero df listed in attribute 'zerodf' of the wald table.
Terms with zero df listed in attribute 'zerodf' of the wald table.
Terms with zero df listed in attribute 'zerodf' of the wald table.
Terms with zero df listed in attribute 'zerodf' of the wald table.
Terms with zero df listed in attribute 'zerodf' of the wald table.
Terms with zero df listed in attribute 'zerodf' of the wald table.
Terms with zero df listed in attribute 'zerodf' of the wald table.
Terms with zero df listed in attribute 'zerodf' of the wald table.
Terms with zero df listed in attribute 'zerodf' of the wald table.
Terms with zero df listed in attribute 'zerodf' of the wald table.
Terms with zero df listed in attribute 'zerodf' of the wald table.
Terms with zero df listed in attribute 'zerodf' of the wald table.
Terms with zero df listed in attribute 'zerodf' of the wald table.
Terms with zero df listed in attribute 'zerodf' of the wald table.
Terms with zero df listed in attribute 'zerodf' of the wald table.
Terms with zero df listed in attribute 'zerodf' of the wald table.
Terms with zero df listed in attribute 'zerodf' of the wald table.
Terms with zero df listed in attribute 'zerodf' of the wald table.
Terms with zero df listed in attribute 'zerodf' of the wald table.
Terms with zero df listed in attribute 'zerodf' of the wald table.
Terms with zero df listed in attribute 'zerodf' of the wald table.
Terms with zero df listed in attribute 'zerodf' of the wald table.
Terms with zero df listed in attribute 'zerodf' of the wald table.
Terms with zero df listed in attribute 'zerodf' of the wald table.
Terms with zero df listed in attribute 'zerodf' of the wald table.
Terms with zero df listed in attribute 'zerodf' of the wald table.
Terms with zero df listed in attribute 'zerodf' of the wald table.
Terms with zero df listed in attribute 'zerodf' of the wald table.
Terms with zero df listed in attribute 'zerodf' of the wald table.
Terms with zero df listed in attribute 'zerodf' of the wald table.
Terms with zero df listed in attribute 'zerodf' of the wald table.
Terms with zero df listed in attribute 'zerodf' of the wald table.
Terms with zero df listed in attribute 'zerodf' of the wald table.
Terms with zero df listed in attribute 'zerodf' of the wald table.
Terms with zero df listed in attribute 'zerodf' of the wald table.
Terms with zero df listed in attribute 'zerodf' of the wald table.
Terms with zero df listed in attribute 'zerodf' of the wald table.
Terms with zero df listed in attribute 'zerodf' of the wald table.
Terms with zero df listed in attribute 'zerodf' of the wald table.
Terms with zero df listed in attribute 'zerodf' of the wald table.
Terms with zero df listed in attribute 'zerodf' of the wald table.
Terms with zero df listed in attribute 'zerodf' of the wald table.
Terms with zero df listed in attribute 'zerodf' of the wald table.
Terms with zero df listed in attribute 'zerodf' of the wald table.
Terms with zero df listed in attribute 'zerodf' of the wald table.
Terms with zero df listed in attribute 'zerodf' of the wald table.
Terms with zero df listed in attribute 'zerodf' of the wald table.
Terms with zero df listed in attribute 'zerodf' of the wald table.
Terms with zero df listed in attribute 'zerodf' of the wald table.
Terms with zero df listed in attribute 'zerodf' of the wald table.
Terms with zero df listed in attribute 'zerodf' of the wald table.
Terms with zero df listed in attribute 'zerodf' of the wald table.
Terms with zero df listed in attribute 'zerodf' of the wald table.
Terms with zero df listed in attribute 'zerodf' of the wald table.
Terms with zero df listed in attribute 'zerodf' of the wald table.
Terms with zero df listed in attribute 'zerodf' of the wald table.
Terms with zero df listed in attribute 'zerodf' of the wald table.
Terms with zero df listed in attribute 'zerodf' of the wald table.
Terms with zero df listed in attribute 'zerodf' of the wald table.
Terms with zero df listed in attribute 'zerodf' of the wald table.
Terms with zero df listed in attribute 'zerodf' of the wald table.
Terms with zero df listed in attribute 'zerodf' of the wald table.
Terms with zero df listed in attribute 'zerodf' of the wald table.
Terms with zero df listed in attribute 'zerodf' of the wald table.
Terms with zero df listed in attribute 'zerodf' of the wald table.
Terms with zero df listed in attribute 'zerodf' of the wald table.
Terms with zero df listed in attribute 'zerodf' of the wald table.
Terms with zero df listed in attribute 'zerodf' of the wald table.
Terms with zero df listed in attribute 'zerodf' of the wald table.
Terms with zero df listed in attribute 'zerodf' of the wald table.
Terms with zero df listed in attribute 'zerodf' of the wald table.
Terms with zero df listed in attribute 'zerodf' of the wald table.
Terms with zero df listed in attribute 'zerodf' of the wald table.
Terms with zero df listed in attribute 'zerodf' of the wald table.
Terms with zero df listed in attribute 'zerodf' of the wald table.
Terms with zero df listed in attribute 'zerodf' of the wald table.
Terms with zero df listed in attribute 'zerodf' of the wald table.
Terms with zero df listed in attribute 'zerodf' of the wald table.
Terms with zero df listed in attribute 'zerodf' of the wald table.
Terms with zero df listed in attribute 'zerodf' of the wald table.
Terms with zero df listed in attribute 'zerodf' of the wald table.
Terms with zero df listed in attribute 'zerodf' of the wald table.
Terms with zero df listed in attribute 'zerodf' of the wald table.
Terms with zero df listed in attribute 'zerodf' of the wald table.
Terms with zero df listed in attribute 'zerodf' of the wald table.
Terms with zero df listed in attribute 'zerodf' of the wald table.
Terms with zero df listed in attribute 'zerodf' of the wald table.
Terms with zero df listed in attribute 'zerodf' of the wald table.
Terms with zero df listed in attribute 'zerodf' of the wald table.
Terms with zero df listed in attribute 'zerodf' of the wald table.
Terms with zero df listed in attribute 'zerodf' of the wald table.
Terms with zero df listed in attribute 'zerodf' of the wald table.
Terms with zero df listed in attribute 'zerodf' of the wald table.
Terms with zero df listed in attribute 'zerodf' of the wald table.
Terms with zero df listed in attribute 'zerodf' of the wald table.
Terms with zero df listed in attribute 'zerodf' of the wald table.
Terms with zero df listed in attribute 'zerodf' of the wald table.
Terms with zero df listed in attribute 'zerodf' of the wald table.
Terms with zero df listed in attribute 'zerodf' of the wald table.
Terms with zero df listed in attribute 'zerodf' of the wald table.
Terms with zero df listed in attribute 'zerodf' of the wald table.
Terms with zero df listed in attribute 'zerodf' of the wald table.
Terms with zero df listed in attribute 'zerodf' of the wald table.
Terms with zero df listed in attribute 'zerodf' of the wald table.
Terms with zero df listed in attribute 'zerodf' of the wald table.
Terms with zero df listed in attribute 'zerodf' of the wald table.
Terms with zero df listed in attribute 'zerodf' of the wald table.
Terms with zero df listed in attribute 'zerodf' of the wald table.
Terms with zero df listed in attribute 'zerodf' of the wald table.
Terms with zero df listed in attribute 'zerodf' of the wald table.
Terms with zero df listed in attribute 'zerodf' of the wald table.
Terms with zero df listed in attribute 'zerodf' of the wald table.
Terms with zero df listed in attribute 'zerodf' of the wald table.
Terms with zero df listed in attribute 'zerodf' of the wald table.
Terms with zero df listed in attribute 'zerodf' of the wald table.
Terms with zero df listed in attribute 'zerodf' of the wald table.
Terms with zero df listed in attribute 'zerodf' of the wald table.
Terms with zero df listed in attribute 'zerodf' of the wald table.
Terms with zero df listed in attribute 'zerodf' of the wald table.
Terms with zero df listed in attribute 'zerodf' of the wald table.
Terms with zero df listed in attribute 'zerodf' of the wald table.
Terms with zero df listed in attribute 'zerodf' of the wald table.
Terms with zero df listed in attribute 'zerodf' of the wald table.
Terms with zero df listed in attribute 'zerodf' of the wald table.
Terms with zero df listed in attribute 'zerodf' of the wald table.
Terms with zero df listed in attribute 'zerodf' of the wald table.
Terms with zero df listed in attribute 'zerodf' of the wald table.
Terms with zero df listed in attribute 'zerodf' of the wald table.
Terms with zero df listed in attribute 'zerodf' of the wald table.
Terms with zero df listed in attribute 'zerodf' of the wald table.
Terms with zero df listed in attribute 'zerodf' of the wald table.
Terms with zero df listed in attribute 'zerodf' of the wald table.
Terms with zero df listed in attribute 'zerodf' of the wald table.
Terms with zero df listed in attribute 'zerodf' of the wald table.
Terms with zero df listed in attribute 'zerodf' of the wald table.
Terms with zero df listed in attribute 'zerodf' of the wald table.
Terms with zero df listed in attribute 'zerodf' of the wald table.
Terms with zero df listed in attribute 'zerodf' of the wald table.
Terms with zero df listed in attribute 'zerodf' of the wald table.
Terms with zero df listed in attribute 'zerodf' of the wald table.
Terms with zero df listed in attribute 'zerodf' of the wald table.
Terms with zero df listed in attribute 'zerodf' of the wald table.
Terms with zero df listed in attribute 'zerodf' of the wald table.
Terms with zero df listed in attribute 'zerodf' of the wald table.
Terms with zero df listed in attribute 'zerodf' of the wald table.
Terms with zero df listed in attribute 'zerodf' of the wald table.
Terms with zero df listed in attribute 'zerodf' of the wald table.
Terms with zero df listed in attribute 'zerodf' of the wald table.
Terms with zero df listed in attribute 'zerodf' of the wald table.
Terms with zero df listed in attribute 'zerodf' of the wald table.
Terms with zero df listed in attribute 'zerodf' of the wald table.
Terms with zero df listed in attribute 'zerodf' of the wald table.
Terms with zero df listed in attribute 'zerodf' of the wald table.
Terms with zero df listed in attribute 'zerodf' of the wald table.
Terms with zero df listed in attribute 'zerodf' of the wald table.
Terms with zero df listed in attribute 'zerodf' of the wald table.
Terms with zero df listed in attribute 'zerodf' of the wald table.
Terms with zero df listed in attribute 'zerodf' of the wald table.
Terms with zero df listed in attribute 'zerodf' of the wald table.
Terms with zero df listed in attribute 'zerodf' of the wald table.
Terms with zero df listed in attribute 'zerodf' of the wald table.
Terms with zero df listed in attribute 'zerodf' of the wald table.
Terms with zero df listed in attribute 'zerodf' of the wald table.
Terms with zero df listed in attribute 'zerodf' of the wald table.
Terms with zero df listed in attribute 'zerodf' of the wald table.
Terms with zero df listed in attribute 'zerodf' of the wald table.
Terms with zero df listed in attribute 'zerodf' of the wald table.
Terms with zero df listed in attribute 'zerodf' of the wald table.
Terms with zero df listed in attribute 'zerodf' of the wald table.
Terms with zero df listed in attribute 'zerodf' of the wald table.
Terms with zero df listed in attribute 'zerodf' of the wald table.
Terms with zero df listed in attribute 'zerodf' of the wald table.
Terms with zero df listed in attribute 'zerodf' of the wald table.
Terms with zero df listed in attribute 'zerodf' of the wald table.
Terms with zero df listed in attribute 'zerodf' of the wald table.
Terms with zero df listed in attribute 'zerodf' of the wald table.
Terms with zero df listed in attribute 'zerodf' of the wald table.
Terms with zero df listed in attribute 'zerodf' of the wald table.
Terms with zero df listed in attribute 'zerodf' of the wald table.
Terms with zero df listed in attribute 'zerodf' of the wald table.
Terms with zero df listed in attribute 'zerodf' of the wald table.
Terms with zero df listed in attribute 'zerodf' of the wald table.
Terms with zero df listed in attribute 'zerodf' of the wald table.
Terms with zero df listed in attribute 'zerodf' of the wald table.
Terms with zero df listed in attribute 'zerodf' of the wald table.
Terms with zero df listed in attribute 'zerodf' of the wald table.
Terms with zero df listed in attribute 'zerodf' of the wald table.
Terms with zero df listed in attribute 'zerodf' of the wald table.
Terms with zero df listed in attribute 'zerodf' of the wald table.
Terms with zero df listed in attribute 'zerodf' of the wald table.
Terms with zero df listed in attribute 'zerodf' of the wald table.
Terms with zero df listed in attribute 'zerodf' of the wald table.
Terms with zero df listed in attribute 'zerodf' of the wald table.
Terms with zero df listed in attribute 'zerodf' of the wald table.
Terms with zero df listed in attribute 'zerodf' of the wald table.
Terms with zero df listed in attribute 'zerodf' of the wald table.
Terms with zero df listed in attribute 'zerodf' of the wald table.
Terms with zero df listed in attribute 'zerodf' of the wald table.
Terms with zero df listed in attribute 'zerodf' of the wald table.
Terms with zero df listed in attribute 'zerodf' of the wald table.
Terms with zero df listed in attribute 'zerodf' of the wald table.
Terms with zero df listed in attribute 'zerodf' of the wald table.
Terms with zero df listed in attribute 'zerodf' of the wald table.
Terms with zero df listed in attribute 'zerodf' of the wald table.
Terms with zero df listed in attribute 'zerodf' of the wald table.
Terms with zero df listed in attribute 'zerodf' of the wald table.
Terms with zero df listed in attribute 'zerodf' of the wald table.
Terms with zero df listed in attribute 'zerodf' of the wald table.
Terms with zero df listed in attribute 'zerodf' of the wald table.
Terms with zero df listed in attribute 'zerodf' of the wald table.
Terms with zero df listed in attribute 'zerodf' of the wald table.
Terms with zero df listed in attribute 'zerodf' of the wald table.
Terms with zero df listed in attribute 'zerodf' of the wald table.
Terms with zero df listed in attribute 'zerodf' of the wald table.
Terms with zero df listed in attribute 'zerodf' of the wald table.
Terms with zero df listed in attribute 'zerodf' of the wald table.
Terms with zero df listed in attribute 'zerodf' of the wald table.
Terms with zero df listed in attribute 'zerodf' of the wald table.
Terms with zero df listed in attribute 'zerodf' of the wald table.
Terms with zero df listed in attribute 'zerodf' of the wald table.
Terms with zero df listed in attribute 'zerodf' of the wald table.
Terms with zero df listed in attribute 'zerodf' of the wald table.
Terms with zero df listed in attribute 'zerodf' of the wald table.
Terms with zero df listed in attribute 'zerodf' of the wald table.
Terms with zero df listed in attribute 'zerodf' of the wald table.
Terms with zero df listed in attribute 'zerodf' of the wald table.
Terms with zero df listed in attribute 'zerodf' of the wald table.
Terms with zero df listed in attribute 'zerodf' of the wald table.
Terms with zero df listed in attribute 'zerodf' of the wald table.
Terms with zero df listed in attribute 'zerodf' of the wald table.
Terms with zero df listed in attribute 'zerodf' of the wald table.
Terms with zero df listed in attribute 'zerodf' of the wald table.
Terms with zero df listed in attribute 'zerodf' of the wald table.
Terms with zero df listed in attribute 'zerodf' of the wald table.
Terms with zero df listed in attribute 'zerodf' of the wald table.
Terms with zero df listed in attribute 'zerodf' of the wald table.
Terms with zero df listed in attribute 'zerodf' of the wald table.
Terms with zero df listed in attribute 'zerodf' of the wald table.
Terms with zero df listed in attribute 'zerodf' of the wald table.
Terms with zero df listed in attribute 'zerodf' of the wald table.
Terms with zero df listed in attribute 'zerodf' of the wald table.
Terms with zero df listed in attribute 'zerodf' of the wald table.
Terms with zero df listed in attribute 'zerodf' of the wald table.
Terms with zero df listed in attribute 'zerodf' of the wald table.
Terms with zero df listed in attribute 'zerodf' of the wald table.
Terms with zero df listed in attribute 'zerodf' of the wald table.
Terms with zero df listed in attribute 'zerodf' of the wald table.
Terms with zero df listed in attribute 'zerodf' of the wald table.
Terms with zero df listed in attribute 'zerodf' of the wald table.
Terms with zero df listed in attribute 'zerodf' of the wald table.
Terms with zero df listed in attribute 'zerodf' of the wald table.
Terms with zero df listed in attribute 'zerodf' of the wald table.
Terms with zero df listed in attribute 'zerodf' of the wald table.
Terms with zero df listed in attribute 'zerodf' of the wald table.
Terms with zero df listed in attribute 'zerodf' of the wald table.
Terms with zero df listed in attribute 'zerodf' of the wald table.
Terms with zero df listed in attribute 'zerodf' of the wald table.
Terms with zero df listed in attribute 'zerodf' of the wald table.
Terms with zero df listed in attribute 'zerodf' of the wald table.
Terms with zero df listed in attribute 'zerodf' of the wald table.
Terms with zero df listed in attribute 'zerodf' of the wald table.
Terms with zero df listed in attribute 'zerodf' of the wald table.
Terms with zero df listed in attribute 'zerodf' of the wald table.
Terms with zero df listed in attribute 'zerodf' of the wald table.
Terms with zero df listed in attribute 'zerodf' of the wald table.
Terms with zero df listed in attribute 'zerodf' of the wald table.
Terms with zero df listed in attribute 'zerodf' of the wald table.
Terms with zero df listed in attribute 'zerodf' of the wald table.
Terms with zero df listed in attribute 'zerodf' of the wald table.
Terms with zero df listed in attribute 'zerodf' of the wald table.
Terms with zero df listed in attribute 'zerodf' of the wald table.
Terms with zero df listed in attribute 'zerodf' of the wald table.
Terms with zero df listed in attribute 'zerodf' of the wald table.
Terms with zero df listed in attribute 'zerodf' of the wald table.
Terms with zero df listed in attribute 'zerodf' of the wald table.
Terms with zero df listed in attribute 'zerodf' of the wald table.
Terms with zero df listed in attribute 'zerodf' of the wald table.
Terms with zero df listed in attribute 'zerodf' of the wald table.
Terms with zero df listed in attribute 'zerodf' of the wald table.
Terms with zero df listed in attribute 'zerodf' of the wald table.
Terms with zero df listed in attribute 'zerodf' of the wald table.
Terms with zero df listed in attribute 'zerodf' of the wald table.
Terms with zero df listed in attribute 'zerodf' of the wald table.
Terms with zero df listed in attribute 'zerodf' of the wald table.
Terms with zero df listed in attribute 'zerodf' of the wald table.
Terms with zero df listed in attribute 'zerodf' of the wald table.
Terms with zero df listed in attribute 'zerodf' of the wald table.
Terms with zero df listed in attribute 'zerodf' of the wald table.
Terms with zero df listed in attribute 'zerodf' of the wald table.
Terms with zero df listed in attribute 'zerodf' of the wald table.
Terms with zero df listed in attribute 'zerodf' of the wald table.
Terms with zero df listed in attribute 'zerodf' of the wald table.
Terms with zero df listed in attribute 'zerodf' of the wald table.
Terms with zero df listed in attribute 'zerodf' of the wald table.
Terms with zero df listed in attribute 'zerodf' of the wald table.
Terms with zero df listed in attribute 'zerodf' of the wald table.
Terms with zero df listed in attribute 'zerodf' of the wald table.
Terms with zero df listed in attribute 'zerodf' of the wald table.
Terms with zero df listed in attribute 'zerodf' of the wald table.
Terms with zero df listed in attribute 'zerodf' of the wald table.
Terms with zero df listed in attribute 'zerodf' of the wald table.
Terms with zero df listed in attribute 'zerodf' of the wald table.
Terms with zero df listed in attribute 'zerodf' of the wald table.
Terms with zero df listed in attribute 'zerodf' of the wald table.
Terms with zero df listed in attribute 'zerodf' of the wald table.
Terms with zero df listed in attribute 'zerodf' of the wald table.
Terms with zero df listed in attribute 'zerodf' of the wald table.
Terms with zero df listed in attribute 'zerodf' of the wald table.
Terms with zero df listed in attribute 'zerodf' of the wald table.
Terms with zero df listed in attribute 'zerodf' of the wald table.
Terms with zero df listed in attribute 'zerodf' of the wald table.
Terms with zero df listed in attribute 'zerodf' of the wald table.
Terms with zero df listed in attribute 'zerodf' of the wald table.
Terms with zero df listed in attribute 'zerodf' of the wald table.
Terms with zero df listed in attribute 'zerodf' of the wald table.
Terms with zero df listed in attribute 'zerodf' of the wald table.
Terms with zero df listed in attribute 'zerodf' of the wald table.
Terms with zero df listed in attribute 'zerodf' of the wald table.
Terms with zero df listed in attribute 'zerodf' of the wald table.
Terms with zero df listed in attribute 'zerodf' of the wald table.
Terms with zero df listed in attribute 'zerodf' of the wald table.
Terms with zero df listed in attribute 'zerodf' of the wald table.
Terms with zero df listed in attribute 'zerodf' of the wald table.
Terms with zero df listed in attribute 'zerodf' of the wald table.
Terms with zero df listed in attribute 'zerodf' of the wald table.
Terms with zero df listed in attribute 'zerodf' of the wald table.
Terms with zero df listed in attribute 'zerodf' of the wald table.
Terms with zero df listed in attribute 'zerodf' of the wald table.
Terms with zero df listed in attribute 'zerodf' of the wald table.
Terms with zero df listed in attribute 'zerodf' of the wald table.
Terms with zero df listed in attribute 'zerodf' of the wald table.
Terms with zero df listed in attribute 'zerodf' of the wald table.
Terms with zero df listed in attribute 'zerodf' of the wald table.
Terms with zero df listed in attribute 'zerodf' of the wald table.
Terms with zero df listed in attribute 'zerodf' of the wald table.
Terms with zero df listed in attribute 'zerodf' of the wald table.
Terms with zero df listed in attribute 'zerodf' of the wald table.
Terms with zero df listed in attribute 'zerodf' of the wald table.
Terms with zero df listed in attribute 'zerodf' of the wald table.
Terms with zero df listed in attribute 'zerodf' of the wald table.
Terms with zero df listed in attribute 'zerodf' of the wald table.
Terms with zero df listed in attribute 'zerodf' of the wald table.
Terms with zero df listed in attribute 'zerodf' of the wald table.
Terms with zero df listed in attribute 'zerodf' of the wald table.
Terms with zero df listed in attribute 'zerodf' of the wald table.
Terms with zero df listed in attribute 'zerodf' of the wald table.
Terms with zero df listed in attribute 'zerodf' of the wald table.
Terms with zero df listed in attribute 'zerodf' of the wald table.
Terms with zero df listed in attribute 'zerodf' of the wald table.
Terms with zero df listed in attribute 'zerodf' of the wald table.
Terms with zero df listed in attribute 'zerodf' of the wald table.
Terms with zero df listed in attribute 'zerodf' of the wald table.
Terms with zero df listed in attribute 'zerodf' of the wald table.
Terms with zero df listed in attribute 'zerodf' of the wald table.
Terms with zero df listed in attribute 'zerodf' of the wald table.
Terms with zero df listed in attribute 'zerodf' of the wald table.
Terms with zero df listed in attribute 'zerodf' of the wald table.
Terms with zero df listed in attribute 'zerodf' of the wald table.
Terms with zero df listed in attribute 'zerodf' of the wald table.
Terms with zero df listed in attribute 'zerodf' of the wald table.
Terms with zero df listed in attribute 'zerodf' of the wald table.
Terms with zero df listed in attribute 'zerodf' of the wald table.
Terms with zero df listed in attribute 'zerodf' of the wald table.
Terms with zero df listed in attribute 'zerodf' of the wald table.
Terms with zero df listed in attribute 'zerodf' of the wald table.
Terms with zero df listed in attribute 'zerodf' of the wald table.
Terms with zero df listed in attribute 'zerodf' of the wald table.
Terms with zero df listed in attribute 'zerodf' of the wald table.
Terms with zero df listed in attribute 'zerodf' of the wald table.
Terms with zero df listed in attribute 'zerodf' of the wald table.
Terms with zero df listed in attribute 'zerodf' of the wald table.
Terms with zero df listed in attribute 'zerodf' of the wald table.
Terms with zero df listed in attribute 'zerodf' of the wald table.
Terms with zero df listed in attribute 'zerodf' of the wald table.
Terms with zero df listed in attribute 'zerodf' of the wald table.
Terms with zero df listed in attribute 'zerodf' of the wald table.
Terms with zero df listed in attribute 'zerodf' of the wald table.
Terms with zero df listed in attribute 'zerodf' of the wald table.
Terms with zero df listed in attribute 'zerodf' of the wald table.
Terms with zero df listed in attribute 'zerodf' of the wald table.
Terms with zero df listed in attribute 'zerodf' of the wald table.
Terms with zero df listed in attribute 'zerodf' of the wald table.
Terms with zero df listed in attribute 'zerodf' of the wald table.
Terms with zero df listed in attribute 'zerodf' of the wald table.
Terms with zero df listed in attribute 'zerodf' of the wald table.
Terms with zero df listed in attribute 'zerodf' of the wald table.
Terms with zero df listed in attribute 'zerodf' of the wald table.
Terms with zero df listed in attribute 'zerodf' of the wald table.
Terms with zero df listed in attribute 'zerodf' of the wald table.
Terms with zero df listed in attribute 'zerodf' of the wald table.
Terms with zero df listed in attribute 'zerodf' of the wald table.
Terms with zero df listed in attribute 'zerodf' of the wald table.
Terms with zero df listed in attribute 'zerodf' of the wald table.
Terms with zero df listed in attribute 'zerodf' of the wald table.
Terms with zero df listed in attribute 'zerodf' of the wald table.
Terms with zero df listed in attribute 'zerodf' of the wald table.
Terms with zero df listed in attribute 'zerodf' of the wald table.
Terms with zero df listed in attribute 'zerodf' of the wald table.
Terms with zero df listed in attribute 'zerodf' of the wald table.
Terms with zero df listed in attribute 'zerodf' of the wald table.
Terms with zero df listed in attribute 'zerodf' of the wald table.
Terms with zero df listed in attribute 'zerodf' of the wald table.
Terms with zero df listed in attribute 'zerodf' of the wald table.
Terms with zero df listed in attribute 'zerodf' of the wald table.
Terms with zero df listed in attribute 'zerodf' of the wald table.
Terms with zero df listed in attribute 'zerodf' of the wald table.
Terms with zero df listed in attribute 'zerodf' of the wald table.
Terms with zero df listed in attribute 'zerodf' of the wald table.
Terms with zero df listed in attribute 'zerodf' of the wald table.
Terms with zero df listed in attribute 'zerodf' of the wald table.
Terms with zero df listed in attribute 'zerodf' of the wald table.
Terms with zero df listed in attribute 'zerodf' of the wald table.
Terms with zero df listed in attribute 'zerodf' of the wald table.
Terms with zero df listed in attribute 'zerodf' of the wald table.
Terms with zero df listed in attribute 'zerodf' of the wald table.
Terms with zero df listed in attribute 'zerodf' of the wald table.
Terms with zero df listed in attribute 'zerodf' of the wald table.
Terms with zero df listed in attribute 'zerodf' of the wald table.
Terms with zero df listed in attribute 'zerodf' of the wald table.
Terms with zero df listed in attribute 'zerodf' of the wald table.
Terms with zero df listed in attribute 'zerodf' of the wald table.
Terms with zero df listed in attribute 'zerodf' of the wald table.
Terms with zero df listed in attribute 'zerodf' of the wald table.
Terms with zero df listed in attribute 'zerodf' of the wald table.
Terms with zero df listed in attribute 'zerodf' of the wald table.
Terms with zero df listed in attribute 'zerodf' of the wald table.
Terms with zero df listed in attribute 'zerodf' of the wald table.
Terms with zero df listed in attribute 'zerodf' of the wald table.
Terms with zero df listed in attribute 'zerodf' of the wald table.
Terms with zero df listed in attribute 'zerodf' of the wald table.
Terms with zero df listed in attribute 'zerodf' of the wald table.
Terms with zero df listed in attribute 'zerodf' of the wald table.
Terms with zero df listed in attribute 'zerodf' of the wald table.
Terms with zero df listed in attribute 'zerodf' of the wald table.
Terms with zero df listed in attribute 'zerodf' of the wald table.
Terms with zero df listed in attribute 'zerodf' of the wald table.
Terms with zero df listed in attribute 'zerodf' of the wald table.
Terms with zero df listed in attribute 'zerodf' of the wald table.
Terms with zero df listed in attribute 'zerodf' of the wald table.
Terms with zero df listed in attribute 'zerodf' of the wald table.
Terms with zero df listed in attribute 'zerodf' of the wald table.
Terms with zero df listed in attribute 'zerodf' of the wald table.
Terms with zero df listed in attribute 'zerodf' of the wald table.
Terms with zero df listed in attribute 'zerodf' of the wald table.
Terms with zero df listed in attribute 'zerodf' of the wald table.
Terms with zero df listed in attribute 'zerodf' of the wald table.
Terms with zero df listed in attribute 'zerodf' of the wald table.
Terms with zero df listed in attribute 'zerodf' of the wald table.
Terms with zero df listed in attribute 'zerodf' of the wald table.
Terms with zero df listed in attribute 'zerodf' of the wald table.
Terms with zero df listed in attribute 'zerodf' of the wald table.
Terms with zero df listed in attribute 'zerodf' of the wald table.
Terms with zero df listed in attribute 'zerodf' of the wald table.
Terms with zero df listed in attribute 'zerodf' of the wald table.
Terms with zero df listed in attribute 'zerodf' of the wald table.
Terms with zero df listed in attribute 'zerodf' of the wald table.
Terms with zero df listed in attribute 'zerodf' of the wald table.
Terms with zero df listed in attribute 'zerodf' of the wald table.
Terms with zero df listed in attribute 'zerodf' of the wald table.
Terms with zero df listed in attribute 'zerodf' of the wald table.
Terms with zero df listed in attribute 'zerodf' of the wald table.
Terms with zero df listed in attribute 'zerodf' of the wald table.
Terms with zero df listed in attribute 'zerodf' of the wald table.
Terms with zero df listed in attribute 'zerodf' of the wald table.
Terms with zero df listed in attribute 'zerodf' of the wald table.
Terms with zero df listed in attribute 'zerodf' of the wald table.
Terms with zero df listed in attribute 'zerodf' of the wald table.
Terms with zero df listed in attribute 'zerodf' of the wald table.
Terms with zero df listed in attribute 'zerodf' of the wald table.
Terms with zero df listed in attribute 'zerodf' of the wald table.
Terms with zero df listed in attribute 'zerodf' of the wald table.
Terms with zero df listed in attribute 'zerodf' of the wald table.
Terms with zero df listed in attribute 'zerodf' of the wald table.
Terms with zero df listed in attribute 'zerodf' of the wald table.
Terms with zero df listed in attribute 'zerodf' of the wald table.
Terms with zero df listed in attribute 'zerodf' of the wald table.
Terms with zero df listed in attribute 'zerodf' of the wald table.
Terms with zero df listed in attribute 'zerodf' of the wald table.
Terms with zero df listed in attribute 'zerodf' of the wald table.
Terms with zero df listed in attribute 'zerodf' of the wald table.
Terms with zero df listed in attribute 'zerodf' of the wald table.
Terms with zero df listed in attribute 'zerodf' of the wald table.
Terms with zero df listed in attribute 'zerodf' of the wald table.
Terms with zero df listed in attribute 'zerodf' of the wald table.
Terms with zero df listed in attribute 'zerodf' of the wald table.
Terms with zero df listed in attribute 'zerodf' of the wald table.
Terms with zero df listed in attribute 'zerodf' of the wald table.
Terms with zero df listed in attribute 'zerodf' of the wald table.
Terms with zero df listed in attribute 'zerodf' of the wald table.
Terms with zero df listed in attribute 'zerodf' of the wald table.
Terms with zero df listed in attribute 'zerodf' of the wald table.
Terms with zero df listed in attribute 'zerodf' of the wald table.
Terms with zero df listed in attribute 'zerodf' of the wald table.
Terms with zero df listed in attribute 'zerodf' of the wald table.
Terms with zero df listed in attribute 'zerodf' of the wald table.
Terms with zero df listed in attribute 'zerodf' of the wald table.
Terms with zero df listed in attribute 'zerodf' of the wald table.
Terms with zero df listed in attribute 'zerodf' of the wald table.
Terms with zero df listed in attribute 'zerodf' of the wald table.
Terms with zero df listed in attribute 'zerodf' of the wald table.
Terms with zero df listed in attribute 'zerodf' of the wald table.
Terms with zero df listed in attribute 'zerodf' of the wald table.
Terms with zero df listed in attribute 'zerodf' of the wald table.
Terms with zero df listed in attribute 'zerodf' of the wald table.
Terms with zero df listed in attribute 'zerodf' of the wald table.
Terms with zero df listed in attribute 'zerodf' of the wald table.
Terms with zero df listed in attribute 'zerodf' of the wald table.
Terms with zero df listed in attribute 'zerodf' of the wald table.
Terms with zero df listed in attribute 'zerodf' of the wald table.
Terms with zero df listed in attribute 'zerodf' of the wald table.
Terms with zero df listed in attribute 'zerodf' of the wald table.
Terms with zero df listed in attribute 'zerodf' of the wald table.
Terms with zero df listed in attribute 'zerodf' of the wald table.
Terms with zero df listed in attribute 'zerodf' of the wald table.
Terms with zero df listed in attribute 'zerodf' of the wald table.
Terms with zero df listed in attribute 'zerodf' of the wald table.
Terms with zero df listed in attribute 'zerodf' of the wald table.
Terms with zero df listed in attribute 'zerodf' of the wald table.
Terms with zero df listed in attribute 'zerodf' of the wald table.
Terms with zero df listed in attribute 'zerodf' of the wald table.
Terms with zero df listed in attribute 'zerodf' of the wald table.
Terms with zero df listed in attribute 'zerodf' of the wald table.
Terms with zero df listed in attribute 'zerodf' of the wald table.
Terms with zero df listed in attribute 'zerodf' of the wald table.
Terms with zero df listed in attribute 'zerodf' of the wald table.
Terms with zero df listed in attribute 'zerodf' of the wald table.
Terms with zero df listed in attribute 'zerodf' of the wald table.
Terms with zero df listed in attribute 'zerodf' of the wald table.
Terms with zero df listed in attribute 'zerodf' of the wald table.
Terms with zero df listed in attribute 'zerodf' of the wald table.
Terms with zero df listed in attribute 'zerodf' of the wald table.
Terms with zero df listed in attribute 'zerodf' of the wald table.
Terms with zero df listed in attribute 'zerodf' of the wald table.
Terms with zero df listed in attribute 'zerodf' of the wald table.
Terms with zero df listed in attribute 'zerodf' of the wald table.
Terms with zero df listed in attribute 'zerodf' of the wald table.
Terms with zero df listed in attribute 'zerodf' of the wald table.
Terms with zero df listed in attribute 'zerodf' of the wald table.
Terms with zero df listed in attribute 'zerodf' of the wald table.
Terms with zero df listed in attribute 'zerodf' of the wald table.
Terms with zero df listed in attribute 'zerodf' of the wald table.
Terms with zero df listed in attribute 'zerodf' of the wald table.
Terms with zero df listed in attribute 'zerodf' of the wald table.
Terms with zero df listed in attribute 'zerodf' of the wald table.
Terms with zero df listed in attribute 'zerodf' of the wald table.
Terms with zero df listed in attribute 'zerodf' of the wald table.
Terms with zero df listed in attribute 'zerodf' of the wald table.
Terms with zero df listed in attribute 'zerodf' of the wald table.
Terms with zero df listed in attribute 'zerodf' of the wald table.
Terms with zero df listed in attribute 'zerodf' of the wald table.
Terms with zero df listed in attribute 'zerodf' of the wald table.
Terms with zero df listed in attribute 'zerodf' of the wald table.
Terms with zero df listed in attribute 'zerodf' of the wald table.
Terms with zero df listed in attribute 'zerodf' of the wald table.
Terms with zero df listed in attribute 'zerodf' of the wald table.
Terms with zero df listed in attribute 'zerodf' of the wald table.
Terms with zero df listed in attribute 'zerodf' of the wald table.
Terms with zero df listed in attribute 'zerodf' of the wald table.
Terms with zero df listed in attribute 'zerodf' of the wald table.
Terms with zero df listed in attribute 'zerodf' of the wald table.
Terms with zero df listed in attribute 'zerodf' of the wald table.
Terms with zero df listed in attribute 'zerodf' of the wald table.
Terms with zero df listed in attribute 'zerodf' of the wald table.
Terms with zero df listed in attribute 'zerodf' of the wald table.
Terms with zero df listed in attribute 'zerodf' of the wald table.
Terms with zero df listed in attribute 'zerodf' of the wald table.
Terms with zero df listed in attribute 'zerodf' of the wald table.
Terms with zero df listed in attribute 'zerodf' of the wald table.
Terms with zero df listed in attribute 'zerodf' of the wald table.
Terms with zero df listed in attribute 'zerodf' of the wald table.
Terms with zero df listed in attribute 'zerodf' of the wald table.
Terms with zero df listed in attribute 'zerodf' of the wald table.
Terms with zero df listed in attribute 'zerodf' of the wald table.
Terms with zero df listed in attribute 'zerodf' of the wald table.
Terms with zero df listed in attribute 'zerodf' of the wald table.
Terms with zero df listed in attribute 'zerodf' of the wald table.
Terms with zero df listed in attribute 'zerodf' of the wald table.
Terms with zero df listed in attribute 'zerodf' of the wald table.
Terms with zero df listed in attribute 'zerodf' of the wald table.
Terms with zero df listed in attribute 'zerodf' of the wald table.
Terms with zero df listed in attribute 'zerodf' of the wald table.
Terms with zero df listed in attribute 'zerodf' of the wald table.
Terms with zero df listed in attribute 'zerodf' of the wald table.
Terms with zero df listed in attribute 'zerodf' of the wald table.
Terms with zero df listed in attribute 'zerodf' of the wald table.
Terms with zero df listed in attribute 'zerodf' of the wald table.
Terms with zero df listed in attribute 'zerodf' of the wald table.
Terms with zero df listed in attribute 'zerodf' of the wald table.
Terms with zero df listed in attribute 'zerodf' of the wald table.
Terms with zero df listed in attribute 'zerodf' of the wald table.
Terms with zero df listed in attribute 'zerodf' of the wald table.
Terms with zero df listed in attribute 'zerodf' of the wald table.
Terms with zero df listed in attribute 'zerodf' of the wald table.
Terms with zero df listed in attribute 'zerodf' of the wald table.
Terms with zero df listed in attribute 'zerodf' of the wald table.
Terms with zero df listed in attribute 'zerodf' of the wald table.
Terms with zero df listed in attribute 'zerodf' of the wald table.
Terms with zero df listed in attribute 'zerodf' of the wald table.
Terms with zero df listed in attribute 'zerodf' of the wald table.
Terms with zero df listed in attribute 'zerodf' of the wald table.
Terms with zero df listed in attribute 'zerodf' of the wald table.
Terms with zero df listed in attribute 'zerodf' of the wald table.
Terms with zero df listed in attribute 'zerodf' of the wald table.
Terms with zero df listed in attribute 'zerodf' of the wald table.
Terms with zero df listed in attribute 'zerodf' of the wald table.
Terms with zero df listed in attribute 'zerodf' of the wald table.
Terms with zero df listed in attribute 'zerodf' of the wald table.
Terms with zero df listed in attribute 'zerodf' of the wald table.
Terms with zero df listed in attribute 'zerodf' of the wald table.
Terms with zero df listed in attribute 'zerodf' of the wald table.
Terms with zero df listed in attribute 'zerodf' of the wald table.
Terms with zero df listed in attribute 'zerodf' of the wald table.
Terms with zero df listed in attribute 'zerodf' of the wald table.
Terms with zero df listed in attribute 'zerodf' of the wald table.
Terms with zero df listed in attribute 'zerodf' of the wald table.
Terms with zero df listed in attribute 'zerodf' of the wald table.
Terms with zero df listed in attribute 'zerodf' of the wald table.
Terms with zero df listed in attribute 'zerodf' of the wald table.
Terms with zero df listed in attribute 'zerodf' of the wald table.
Terms with zero df listed in attribute 'zerodf' of the wald table.
Terms with zero df listed in attribute 'zerodf' of the wald table.
Terms with zero df listed in attribute 'zerodf' of the wald table.
Terms with zero df listed in attribute 'zerodf' of the wald table.
Terms with zero df listed in attribute 'zerodf' of the wald table.
Terms with zero df listed in attribute 'zerodf' of the wald table.
Terms with zero df listed in attribute 'zerodf' of the wald table.
Terms with zero df listed in attribute 'zerodf' of the wald table.
Terms with zero df listed in attribute 'zerodf' of the wald table.
Terms with zero df listed in attribute 'zerodf' of the wald table.
Terms with zero df listed in attribute 'zerodf' of the wald table.
Terms with zero df listed in attribute 'zerodf' of the wald table.
Terms with zero df listed in attribute 'zerodf' of the wald table.
Terms with zero df listed in attribute 'zerodf' of the wald table.
Terms with zero df listed in attribute 'zerodf' of the wald table.
Terms with zero df listed in attribute 'zerodf' of the wald table.
Terms with zero df listed in attribute 'zerodf' of the wald table.
Terms with zero df listed in attribute 'zerodf' of the wald table.
Terms with zero df listed in attribute 'zerodf' of the wald table.
Terms with zero df listed in attribute 'zerodf' of the wald table.
Terms with zero df listed in attribute 'zerodf' of the wald table.
Terms with zero df listed in attribute 'zerodf' of the wald table.
Terms with zero df listed in attribute 'zerodf' of the wald table.
Terms with zero df listed in attribute 'zerodf' of the wald table.
Terms with zero df listed in attribute 'zerodf' of the wald table.
Terms with zero df listed in attribute 'zerodf' of the wald table.
Terms with zero df listed in attribute 'zerodf' of the wald table.
Terms with zero df listed in attribute 'zerodf' of the wald table.
Terms with zero df listed in attribute 'zerodf' of the wald table.
Terms with zero df listed in attribute 'zerodf' of the wald table.
Terms with zero df listed in attribute 'zerodf' of the wald table.
Terms with zero df listed in attribute 'zerodf' of the wald table.
Terms with zero df listed in attribute 'zerodf' of the wald table.
Terms with zero df listed in attribute 'zerodf' of the wald table.
Terms with zero df listed in attribute 'zerodf' of the wald table.
Terms with zero df listed in attribute 'zerodf' of the wald table.
Terms with zero df listed in attribute 'zerodf' of the wald table.
Terms with zero df listed in attribute 'zerodf' of the wald table.
Terms with zero df listed in attribute 'zerodf' of the wald table.
Terms with zero df listed in attribute 'zerodf' of the wald table.
Terms with zero df listed in attribute 'zerodf' of the wald table.
Terms with zero df listed in attribute 'zerodf' of the wald table.
Terms with zero df listed in attribute 'zerodf' of the wald table.
Terms with zero df listed in attribute 'zerodf' of the wald table.
Terms with zero df listed in attribute 'zerodf' of the wald table.
Terms with zero df listed in attribute 'zerodf' of the wald table.
Terms with zero df listed in attribute 'zerodf' of the wald table.
Terms with zero df listed in attribute 'zerodf' of the wald table.
Terms with zero df listed in attribute 'zerodf' of the wald table.
Terms with zero df listed in attribute 'zerodf' of the wald table.
Terms with zero df listed in attribute 'zerodf' of the wald table.
Terms with zero df listed in attribute 'zerodf' of the wald table.
Terms with zero df listed in attribute 'zerodf' of the wald table.
Terms with zero df listed in attribute 'zerodf' of the wald table.
Terms with zero df listed in attribute 'zerodf' of the wald table.
Terms with zero df listed in attribute 'zerodf' of the wald table.
Terms with zero df listed in attribute 'zerodf' of the wald table.
Terms with zero df listed in attribute 'zerodf' of the wald table.
Terms with zero df listed in attribute 'zerodf' of the wald table.
Terms with zero df listed in attribute 'zerodf' of the wald table.
Terms with zero df listed in attribute 'zerodf' of the wald table.
Terms with zero df listed in attribute 'zerodf' of the wald table.
Terms with zero df listed in attribute 'zerodf' of the wald table.
Terms with zero df listed in attribute 'zerodf' of the wald table.
Terms with zero df listed in attribute 'zerodf' of the wald table.
Terms with zero df listed in attribute 'zerodf' of the wald table.
Terms with zero df listed in attribute 'zerodf' of the wald table.
Terms with zero df listed in attribute 'zerodf' of the wald table.
Terms with zero df listed in attribute 'zerodf' of the wald table.
Terms with zero df listed in attribute 'zerodf' of the wald table.
Terms with zero df listed in attribute 'zerodf' of the wald table.
Terms with zero df listed in attribute 'zerodf' of the wald table.
Terms with zero df listed in attribute 'zerodf' of the wald table.
Terms with zero df listed in attribute 'zerodf' of the wald table.
Terms with zero df listed in attribute 'zerodf' of the wald table.
Terms with zero df listed in attribute 'zerodf' of the wald table.
Terms with zero df listed in attribute 'zerodf' of the wald table.
Terms with zero df listed in attribute 'zerodf' of the wald table.
Terms with zero df listed in attribute 'zerodf' of the wald table.
Terms with zero df listed in attribute 'zerodf' of the wald table.
Terms with zero df listed in attribute 'zerodf' of the wald table.
Terms with zero df listed in attribute 'zerodf' of the wald table.
Terms with zero df listed in attribute 'zerodf' of the wald table.
Terms with zero df listed in attribute 'zerodf' of the wald table.
Terms with zero df listed in attribute 'zerodf' of the wald table.
Terms with zero df listed in attribute 'zerodf' of the wald table.
Terms with zero df listed in attribute 'zerodf' of the wald table.
Terms with zero df listed in attribute 'zerodf' of the wald table.
Terms with zero df listed in attribute 'zerodf' of the wald table.
Terms with zero df listed in attribute 'zerodf' of the wald table.
Terms with zero df listed in attribute 'zerodf' of the wald table.
Terms with zero df listed in attribute 'zerodf' of the wald table.
Terms with zero df listed in attribute 'zerodf' of the wald table.
Terms with zero df listed in attribute 'zerodf' of the wald table.
Terms with zero df listed in attribute 'zerodf' of the wald table.
Terms with zero df listed in attribute 'zerodf' of the wald table.
Terms with zero df listed in attribute 'zerodf' of the wald table.
Terms with zero df listed in attribute 'zerodf' of the wald table.
Terms with zero df listed in attribute 'zerodf' of the wald table.
Terms with zero df listed in attribute 'zerodf' of the wald table.
Terms with zero df listed in attribute 'zerodf' of the wald table.
Terms with zero df listed in attribute 'zerodf' of the wald table.
Terms with zero df listed in attribute 'zerodf' of the wald table.
Terms with zero df listed in attribute 'zerodf' of the wald table.
Terms with zero df listed in attribute 'zerodf' of the wald table.
Terms with zero df listed in attribute 'zerodf' of the wald table.
Terms with zero df listed in attribute 'zerodf' of the wald table.
Terms with zero df listed in attribute 'zerodf' of the wald table.
Terms with zero df listed in attribute 'zerodf' of the wald table.
Terms with zero df listed in attribute 'zerodf' of the wald table.
Terms with zero df listed in attribute 'zerodf' of the wald table.
Terms with zero df listed in attribute 'zerodf' of the wald table.
Terms with zero df listed in attribute 'zerodf' of the wald table.
Terms with zero df listed in attribute 'zerodf' of the wald table.
Terms with zero df listed in attribute 'zerodf' of the wald table.
Terms with zero df listed in attribute 'zerodf' of the wald table.
Terms with zero df listed in attribute 'zerodf' of the wald table.
Terms with zero df listed in attribute 'zerodf' of the wald table.
Terms with zero df listed in attribute 'zerodf' of the wald table.
Terms with zero df listed in attribute 'zerodf' of the wald table.
Terms with zero df listed in attribute 'zerodf' of the wald table.
Terms with zero df listed in attribute 'zerodf' of the wald table.
Terms with zero df listed in attribute 'zerodf' of the wald table.
Terms with zero df listed in attribute 'zerodf' of the wald table.
Terms with zero df listed in attribute 'zerodf' of the wald table.
Terms with zero df listed in attribute 'zerodf' of the wald table.
Terms with zero df listed in attribute 'zerodf' of the wald table.
Terms with zero df listed in attribute 'zerodf' of the wald table.
Terms with zero df listed in attribute 'zerodf' of the wald table.
Terms with zero df listed in attribute 'zerodf' of the wald table.
Terms with zero df listed in attribute 'zerodf' of the wald table.
Terms with zero df listed in attribute 'zerodf' of the wald table.
Terms with zero df listed in attribute 'zerodf' of the wald table.
Terms with zero df listed in attribute 'zerodf' of the wald table.
Terms with zero df listed in attribute 'zerodf' of the wald table.
Terms with zero df listed in attribute 'zerodf' of the wald table.
Terms with zero df listed in attribute 'zerodf' of the wald table.
Terms with zero df listed in attribute 'zerodf' of the wald table.
Terms with zero df listed in attribute 'zerodf' of the wald table.
Terms with zero df listed in attribute 'zerodf' of the wald table.
Terms with zero df listed in attribute 'zerodf' of the wald table.
Terms with zero df listed in attribute 'zerodf' of the wald table.
Terms with zero df listed in attribute 'zerodf' of the wald table.
Terms with zero df listed in attribute 'zerodf' of the wald table.
Terms with zero df listed in attribute 'zerodf' of the wald table.
Terms with zero df listed in attribute 'zerodf' of the wald table.
Terms with zero df listed in attribute 'zerodf' of the wald table.
Terms with zero df listed in attribute 'zerodf' of the wald table.
Terms with zero df listed in attribute 'zerodf' of the wald table.
Terms with zero df listed in attribute 'zerodf' of the wald table.
Terms with zero df listed in attribute 'zerodf' of the wald table.
Terms with zero df listed in attribute 'zerodf' of the wald table.
Terms with zero df listed in attribute 'zerodf' of the wald table.
Terms with zero df listed in attribute 'zerodf' of the wald table.
Terms with zero df listed in attribute 'zerodf' of the wald table.
Terms with zero df listed in attribute 'zerodf' of the wald table.
Terms with zero df listed in attribute 'zerodf' of the wald table.
Terms with zero df listed in attribute 'zerodf' of the wald table.
Terms with zero df listed in attribute 'zerodf' of the wald table.
Terms with zero df listed in attribute 'zerodf' of the wald table.
Terms with zero df listed in attribute 'zerodf' of the wald table.
Terms with zero df listed in attribute 'zerodf' of the wald table.
Terms with zero df listed in attribute 'zerodf' of the wald table.
Terms with zero df listed in attribute 'zerodf' of the wald table.
Terms with zero df listed in attribute 'zerodf' of the wald table.
Terms with zero df listed in attribute 'zerodf' of the wald table.
Terms with zero df listed in attribute 'zerodf' of the wald table.
Terms with zero df listed in attribute 'zerodf' of the wald table.
Terms with zero df listed in attribute 'zerodf' of the wald table.
Terms with zero df listed in attribute 'zerodf' of the wald table.
Terms with zero df listed in attribute 'zerodf' of the wald table.
Terms with zero df listed in attribute 'zerodf' of the wald table.
Terms with zero df listed in attribute 'zerodf' of the wald table.
Terms with zero df listed in attribute 'zerodf' of the wald table.
Terms with zero df listed in attribute 'zerodf' of the wald table.
Terms with zero df listed in attribute 'zerodf' of the wald table.
Terms with zero df listed in attribute 'zerodf' of the wald table.
Terms with zero df listed in attribute 'zerodf' of the wald table.
Terms with zero df listed in attribute 'zerodf' of the wald table.
Terms with zero df listed in attribute 'zerodf' of the wald table.
Terms with zero df listed in attribute 'zerodf' of the wald table.
Terms with zero df listed in attribute 'zerodf' of the wald table.
Terms with zero df listed in attribute 'zerodf' of the wald table.
Terms with zero df listed in attribute 'zerodf' of the wald table.
Terms with zero df listed in attribute 'zerodf' of the wald table.
Terms with zero df listed in attribute 'zerodf' of the wald table.
Terms with zero df listed in attribute 'zerodf' of the wald table.
Terms with zero df listed in attribute 'zerodf' of the wald table.
Terms with zero df listed in attribute 'zerodf' of the wald table.
Terms with zero df listed in attribute 'zerodf' of the wald table.
Terms with zero df listed in attribute 'zerodf' of the wald table.
Terms with zero df listed in attribute 'zerodf' of the wald table.
Terms with zero df listed in attribute 'zerodf' of the wald table.
Terms with zero df listed in attribute 'zerodf' of the wald table.
Terms with zero df listed in attribute 'zerodf' of the wald table.
Terms with zero df listed in attribute 'zerodf' of the wald table.
Terms with zero df listed in attribute 'zerodf' of the wald table.
Terms with zero df listed in attribute 'zerodf' of the wald table.
Terms with zero df listed in attribute 'zerodf' of the wald table.
Terms with zero df listed in attribute 'zerodf' of the wald table.
Terms with zero df listed in attribute 'zerodf' of the wald table.
Terms with zero df listed in attribute 'zerodf' of the wald table.
Terms with zero df listed in attribute 'zerodf' of the wald table.
Terms with zero df listed in attribute 'zerodf' of the wald table.
Terms with zero df listed in attribute 'zerodf' of the wald table.
Terms with zero df listed in attribute 'zerodf' of the wald table.
Terms with zero df listed in attribute 'zerodf' of the wald table.
Terms with zero df listed in attribute 'zerodf' of the wald table.
Terms with zero df listed in attribute 'zerodf' of the wald table.
Terms with zero df listed in attribute 'zerodf' of the wald table.
Terms with zero df listed in attribute 'zerodf' of the wald table.
Terms with zero df listed in attribute 'zerodf' of the wald table.
Terms with zero df listed in attribute 'zerodf' of the wald table.
Terms with zero df listed in attribute 'zerodf' of the wald table.
Terms with zero df listed in attribute 'zerodf' of the wald table.
Terms with zero df listed in attribute 'zerodf' of the wald table.
Terms with zero df listed in attribute 'zerodf' of the wald table.
Terms with zero df listed in attribute 'zerodf' of the wald table.
Terms with zero df listed in attribute 'zerodf' of the wald table.
Terms with zero df listed in attribute 'zerodf' of the wald table.
Terms with zero df listed in attribute 'zerodf' of the wald table.
Terms with zero df listed in attribute 'zerodf' of the wald table.
Terms with zero df listed in attribute 'zerodf' of the wald table.
Terms with zero df listed in attribute 'zerodf' of the wald table.
Terms with zero df listed in attribute 'zerodf' of the wald table.
Terms with zero df listed in attribute 'zerodf' of the wald table.
Terms with zero df listed in attribute 'zerodf' of the wald table.
Terms with zero df listed in attribute 'zerodf' of the wald table.
Terms with zero df listed in attribute 'zerodf' of the wald table.
Terms with zero df listed in attribute 'zerodf' of the wald table.
Terms with zero df listed in attribute 'zerodf' of the wald table.
Terms with zero df listed in attribute 'zerodf' of the wald table.
Terms with zero df listed in attribute 'zerodf' of the wald table.
Terms with zero df listed in attribute 'zerodf' of the wald table.
Terms with zero df listed in attribute 'zerodf' of the wald table.
Terms with zero df listed in attribute 'zerodf' of the wald table.
Terms with zero df listed in attribute 'zerodf' of the wald table.
Terms with zero df listed in attribute 'zerodf' of the wald table.
Terms with zero df listed in attribute 'zerodf' of the wald table.
Terms with zero df listed in attribute 'zerodf' of the wald table.
Terms with zero df listed in attribute 'zerodf' of the wald table.
Terms with zero df listed in attribute 'zerodf' of the wald table.
Terms with zero df listed in attribute 'zerodf' of the wald table.
Terms with zero df listed in attribute 'zerodf' of the wald table.
Terms with zero df listed in attribute 'zerodf' of the wald table.
Terms with zero df listed in attribute 'zerodf' of the wald table.
Terms with zero df listed in attribute 'zerodf' of the wald table.
Terms with zero df listed in attribute 'zerodf' of the wald table.
Terms with zero df listed in attribute 'zerodf' of the wald table.
Terms with zero df listed in attribute 'zerodf' of the wald table.
Terms with zero df listed in attribute 'zerodf' of the wald table.
Terms with zero df listed in attribute 'zerodf' of the wald table.
Terms with zero df listed in attribute 'zerodf' of the wald table.
Terms with zero df listed in attribute 'zerodf' of the wald table.
Terms with zero df listed in attribute 'zerodf' of the wald table.
Terms with zero df listed in attribute 'zerodf' of the wald table.
Terms with zero df listed in attribute 'zerodf' of the wald table.
Terms with zero df listed in attribute 'zerodf' of the wald table.
Terms with zero df listed in attribute 'zerodf' of the wald table.
Terms with zero df listed in attribute 'zerodf' of the wald table.
Terms with zero df listed in attribute 'zerodf' of the wald table.
Terms with zero df listed in attribute 'zerodf' of the wald table.
Terms with zero df listed in attribute 'zerodf' of the wald table.
Terms with zero df listed in attribute 'zerodf' of the wald table.
Terms with zero df listed in attribute 'zerodf' of the wald table.
Terms with zero df listed in attribute 'zerodf' of the wald table.
Terms with zero df listed in attribute 'zerodf' of the wald table.
Terms with zero df listed in attribute 'zerodf' of the wald table.
Terms with zero df listed in attribute 'zerodf' of the wald table.
Terms with zero df listed in attribute 'zerodf' of the wald table.
Terms with zero df listed in attribute 'zerodf' of the wald table.
Terms with zero df listed in attribute 'zerodf' of the wald table.
Terms with zero df listed in attribute 'zerodf' of the wald table.
Terms with zero df listed in attribute 'zerodf' of the wald table.
Terms with zero df listed in attribute 'zerodf' of the wald table.
Terms with zero df listed in attribute 'zerodf' of the wald table.
Terms with zero df listed in attribute 'zerodf' of the wald table.
Terms with zero df listed in attribute 'zerodf' of the wald table.
Terms with zero df listed in attribute 'zerodf' of the wald table.
Terms with zero df listed in attribute 'zerodf' of the wald table.
Terms with zero df listed in attribute 'zerodf' of the wald table.
Terms with zero df listed in attribute 'zerodf' of the wald table.
Terms with zero df listed in attribute 'zerodf' of the wald table.
Terms with zero df listed in attribute 'zerodf' of the wald table.
Terms with zero df listed in attribute 'zerodf' of the wald table.
Terms with zero df listed in attribute 'zerodf' of the wald table.
Terms with zero df listed in attribute 'zerodf' of the wald table.
Terms with zero df listed in attribute 'zerodf' of the wald table.
Terms with zero df listed in attribute 'zerodf' of the wald table.
Terms with zero df listed in attribute 'zerodf' of the wald table.
Terms with zero df listed in attribute 'zerodf' of the wald table.
Terms with zero df listed in attribute 'zerodf' of the wald table.
Terms with zero df listed in attribute 'zerodf' of the wald table.
Terms with zero df listed in attribute 'zerodf' of the wald table.
Terms with zero df listed in attribute 'zerodf' of the wald table.
Terms with zero df listed in attribute 'zerodf' of the wald table.
Terms with zero df listed in attribute 'zerodf' of the wald table.
Terms with zero df listed in attribute 'zerodf' of the wald table.
Terms with zero df listed in attribute 'zerodf' of the wald table.
Terms with zero df listed in attribute 'zerodf' of the wald table.
Terms with zero df listed in attribute 'zerodf' of the wald table.
Terms with zero df listed in attribute 'zerodf' of the wald table.
Terms with zero df listed in attribute 'zerodf' of the wald table.
Terms with zero df listed in attribute 'zerodf' of the wald table.
Terms with zero df listed in attribute 'zerodf' of the wald table.
Terms with zero df listed in attribute 'zerodf' of the wald table.
Terms with zero df listed in attribute 'zerodf' of the wald table.
Terms with zero df listed in attribute 'zerodf' of the wald table.
Terms with zero df listed in attribute 'zerodf' of the wald table.
Terms with zero df listed in attribute 'zerodf' of the wald table.
Terms with zero df listed in attribute 'zerodf' of the wald table.
Terms with zero df listed in attribute 'zerodf' of the wald table.
Terms with zero df listed in attribute 'zerodf' of the wald table.
Terms with zero df listed in attribute 'zerodf' of the wald table.
Terms with zero df listed in attribute 'zerodf' of the wald table.
Terms with zero df listed in attribute 'zerodf' of the wald table.
Terms with zero df listed in attribute 'zerodf' of the wald table.
Terms with zero df listed in attribute 'zerodf' of the wald table.
Terms with zero df listed in attribute 'zerodf' of the wald table.
Terms with zero df listed in attribute 'zerodf' of the wald table.
Terms with zero df listed in attribute 'zerodf' of the wald table.
Terms with zero df listed in attribute 'zerodf' of the wald table.
Terms with zero df listed in attribute 'zerodf' of the wald table.
Terms with zero df listed in attribute 'zerodf' of the wald table.
Terms with zero df listed in attribute 'zerodf' of the wald table.
Terms with zero df listed in attribute 'zerodf' of the wald table.
Terms with zero df listed in attribute 'zerodf' of the wald table.
Terms with zero df listed in attribute 'zerodf' of the wald table.
Terms with zero df listed in attribute 'zerodf' of the wald table.
Terms with zero df listed in attribute 'zerodf' of the wald table.
Terms with zero df listed in attribute 'zerodf' of the wald table.
Terms with zero df listed in attribute 'zerodf' of the wald table.
Terms with zero df listed in attribute 'zerodf' of the wald table.
Terms with zero df listed in attribute 'zerodf' of the wald table.
Terms with zero df listed in attribute 'zerodf' of the wald table.
Terms with zero df listed in attribute 'zerodf' of the wald table.
Terms with zero df listed in attribute 'zerodf' of the wald table.
Terms with zero df listed in attribute 'zerodf' of the wald table.
Terms with zero df listed in attribute 'zerodf' of the wald table.
Terms with zero df listed in attribute 'zerodf' of the wald table.
Terms with zero df listed in attribute 'zerodf' of the wald table.
Terms with zero df listed in attribute 'zerodf' of the wald table.
Terms with zero df listed in attribute 'zerodf' of the wald table.
Terms with zero df listed in attribute 'zerodf' of the wald table.
Terms with zero df listed in attribute 'zerodf' of the wald table.
Terms with zero df listed in attribute 'zerodf' of the wald table.
Terms with zero df listed in attribute 'zerodf' of the wald table.
Terms with zero df listed in attribute 'zerodf' of the wald table.
Terms with zero df listed in attribute 'zerodf' of the wald table.
Terms with zero df listed in attribute 'zerodf' of the wald table.
Terms with zero df listed in attribute 'zerodf' of the wald table.
Terms with zero df listed in attribute 'zerodf' of the wald table.
Terms with zero df listed in attribute 'zerodf' of the wald table.
Terms with zero df listed in attribute 'zerodf' of the wald table.
Terms with zero df listed in attribute 'zerodf' of the wald table.
Terms with zero df listed in attribute 'zerodf' of the wald table.
Terms with zero df listed in attribute 'zerodf' of the wald table.
Terms with zero df listed in attribute 'zerodf' of the wald table.
Terms with zero df listed in attribute 'zerodf' of the wald table.
Terms with zero df listed in attribute 'zerodf' of the wald table.
Terms with zero df listed in attribute 'zerodf' of the wald table.
Terms with zero df listed in attribute 'zerodf' of the wald table.
Terms with zero df listed in attribute 'zerodf' of the wald table.
Terms with zero df listed in attribute 'zerodf' of the wald table.
Terms with zero df listed in attribute 'zerodf' of the wald table.
Terms with zero df listed in attribute 'zerodf' of the wald table.
Terms with zero df listed in attribute 'zerodf' of the wald table.
Terms with zero df listed in attribute 'zerodf' of the wald table.
Terms with zero df listed in attribute 'zerodf' of the wald table.
Terms with zero df listed in attribute 'zerodf' of the wald table.
Terms with zero df listed in attribute 'zerodf' of the wald table.
Terms with zero df listed in attribute 'zerodf' of the wald table.
Terms with zero df listed in attribute 'zerodf' of the wald table.
Terms with zero df listed in attribute 'zerodf' of the wald table.
Terms with zero df listed in attribute 'zerodf' of the wald table.
Terms with zero df listed in attribute 'zerodf' of the wald table.
Terms with zero df listed in attribute 'zerodf' of the wald table.
Terms with zero df listed in attribute 'zerodf' of the wald table.
Terms with zero df listed in attribute 'zerodf' of the wald table.
Terms with zero df listed in attribute 'zerodf' of the wald table.
Terms with zero df listed in attribute 'zerodf' of the wald table.
Terms with zero df listed in attribute 'zerodf' of the wald table.
Terms with zero df listed in attribute 'zerodf' of the wald table.
Terms with zero df listed in attribute 'zerodf' of the wald table.
Terms with zero df listed in attribute 'zerodf' of the wald table.
Terms with zero df listed in attribute 'zerodf' of the wald table.
Terms with zero df listed in attribute 'zerodf' of the wald table.
Terms with zero df listed in attribute 'zerodf' of the wald table.
Terms with zero df listed in attribute 'zerodf' of the wald table.
Terms with zero df listed in attribute 'zerodf' of the wald table.
Terms with zero df listed in attribute 'zerodf' of the wald table.
Terms with zero df listed in attribute 'zerodf' of the wald table.
Terms with zero df listed in attribute 'zerodf' of the wald table.
Terms with zero df listed in attribute 'zerodf' of the wald table.
Terms with zero df listed in attribute 'zerodf' of the wald table.
Terms with zero df listed in attribute 'zerodf' of the wald table.
Terms with zero df listed in attribute 'zerodf' of the wald table.
Terms with zero df listed in attribute 'zerodf' of the wald table.
Terms with zero df listed in attribute 'zerodf' of the wald table.
Terms with zero df listed in attribute 'zerodf' of the wald table.
Terms with zero df listed in attribute 'zerodf' of the wald table.
Terms with zero df listed in attribute 'zerodf' of the wald table.
Terms with zero df listed in attribute 'zerodf' of the wald table.
Terms with zero df listed in attribute 'zerodf' of the wald table.
Terms with zero df listed in attribute 'zerodf' of the wald table.
Terms with zero df listed in attribute 'zerodf' of the wald table.
Terms with zero df listed in attribute 'zerodf' of the wald table.
Terms with zero df listed in attribute 'zerodf' of the wald table.
Terms with zero df listed in attribute 'zerodf' of the wald table.
Terms with zero df listed in attribute 'zerodf' of the wald table.
Terms with zero df listed in attribute 'zerodf' of the wald table.
Terms with zero df listed in attribute 'zerodf' of the wald table.
Terms with zero df listed in attribute 'zerodf' of the wald table.
Terms with zero df listed in attribute 'zerodf' of the wald table.
Terms with zero df listed in attribute 'zerodf' of the wald table.
Terms with zero df listed in attribute 'zerodf' of the wald table.
Terms with zero df listed in attribute 'zerodf' of the wald table.
Terms with zero df listed in attribute 'zerodf' of the wald table.
Terms with zero df listed in attribute 'zerodf' of the wald table.
Terms with zero df listed in attribute 'zerodf' of the wald table.
Terms with zero df listed in attribute 'zerodf' of the wald table.
Terms with zero df listed in attribute 'zerodf' of the wald table.
Terms with zero df listed in attribute 'zerodf' of the wald table.
Terms with zero df listed in attribute 'zerodf' of the wald table.
Terms with zero df listed in attribute 'zerodf' of the wald table.
Terms with zero df listed in attribute 'zerodf' of the wald table.
Terms with zero df listed in attribute 'zerodf' of the wald table.
Terms with zero df listed in attribute 'zerodf' of the wald table.
Terms with zero df listed in attribute 'zerodf' of the wald table.
Terms with zero df listed in attribute 'zerodf' of the wald table.
Terms with zero df listed in attribute 'zerodf' of the wald table.
Terms with zero df listed in attribute 'zerodf' of the wald table.
Terms with zero df listed in attribute 'zerodf' of the wald table.
Terms with zero df listed in attribute 'zerodf' of the wald table.
Terms with zero df listed in attribute 'zerodf' of the wald table.
Terms with zero df listed in attribute 'zerodf' of the wald table.
Terms with zero df listed in attribute 'zerodf' of the wald table.
Terms with zero df listed in attribute 'zerodf' of the wald table.
Terms with zero df listed in attribute 'zerodf' of the wald table.
Terms with zero df listed in attribute 'zerodf' of the wald table.
Terms with zero df listed in attribute 'zerodf' of the wald table.
Terms with zero df listed in attribute 'zerodf' of the wald table.
Terms with zero df listed in attribute 'zerodf' of the wald table.
Terms with zero df listed in attribute 'zerodf' of the wald table.
Terms with zero df listed in attribute 'zerodf' of the wald table.
Terms with zero df listed in attribute 'zerodf' of the wald table.
Terms with zero df listed in attribute 'zerodf' of the wald table.
Terms with zero df listed in attribute 'zerodf' of the wald table.
Terms with zero df listed in attribute 'zerodf' of the wald table.
Terms with zero df listed in attribute 'zerodf' of the wald table.
Terms with zero df listed in attribute 'zerodf' of the wald table.
Terms with zero df listed in attribute 'zerodf' of the wald table.
Terms with zero df listed in attribute 'zerodf' of the wald table.
Terms with zero df listed in attribute 'zerodf' of the wald table.
Terms with zero df listed in attribute 'zerodf' of the wald table.
Terms with zero df listed in attribute 'zerodf' of the wald table.
Terms with zero df listed in attribute 'zerodf' of the wald table.
Terms with zero df listed in attribute 'zerodf' of the wald table.
Terms with zero df listed in attribute 'zerodf' of the wald table.
Terms with zero df listed in attribute 'zerodf' of the wald table.
Terms with zero df listed in attribute 'zerodf' of the wald table.
Terms with zero df listed in attribute 'zerodf' of the wald table.
Terms with zero df listed in attribute 'zerodf' of the wald table.
Terms with zero df listed in attribute 'zerodf' of the wald table.
Terms with zero df listed in attribute 'zerodf' of the wald table.
Terms with zero df listed in attribute 'zerodf' of the wald table.
Terms with zero df listed in attribute 'zerodf' of the wald table.
Terms with zero df listed in attribute 'zerodf' of the wald table.
Terms with zero df listed in attribute 'zerodf' of the wald table.
Terms with zero df listed in attribute 'zerodf' of the wald table.
Terms with zero df listed in attribute 'zerodf' of the wald table.
Terms with zero df listed in attribute 'zerodf' of the wald table.
Terms with zero df listed in attribute 'zerodf' of the wald table.
Terms with zero df listed in attribute 'zerodf' of the wald table.
Terms with zero df listed in attribute 'zerodf' of the wald table.
Terms with zero df listed in attribute 'zerodf' of the wald table.
Terms with zero df listed in attribute 'zerodf' of the wald table.
Terms with zero df listed in attribute 'zerodf' of the wald table.
Terms with zero df listed in attribute 'zerodf' of the wald table.
Terms with zero df listed in attribute 'zerodf' of the wald table.
Terms with zero df listed in attribute 'zerodf' of the wald table.
Terms with zero df listed in attribute 'zerodf' of the wald table.
Terms with zero df listed in attribute 'zerodf' of the wald table.
Terms with zero df listed in attribute 'zerodf' of the wald table.
Terms with zero df listed in attribute 'zerodf' of the wald table.
Terms with zero df listed in attribute 'zerodf' of the wald table.
Terms with zero df listed in attribute 'zerodf' of the wald table.
Terms with zero df listed in attribute 'zerodf' of the wald table.
Terms with zero df listed in attribute 'zerodf' of the wald table.
Terms with zero df listed in attribute 'zerodf' of the wald table.
Terms with zero df listed in attribute 'zerodf' of the wald table.
Terms with zero df listed in attribute 'zerodf' of the wald table.
Terms with zero df listed in attribute 'zerodf' of the wald table.
Terms with zero df listed in attribute 'zerodf' of the wald table.
Terms with zero df listed in attribute 'zerodf' of the wald table.
Terms with zero df listed in attribute 'zerodf' of the wald table.
Terms with zero df listed in attribute 'zerodf' of the wald table.
Terms with zero df listed in attribute 'zerodf' of the wald table.
Terms with zero df listed in attribute 'zerodf' of the wald table.
Terms with zero df listed in attribute 'zerodf' of the wald table.
Terms with zero df listed in attribute 'zerodf' of the wald table.
Terms with zero df listed in attribute 'zerodf' of the wald table.
Terms with zero df listed in attribute 'zerodf' of the wald table.
Terms with zero df listed in attribute 'zerodf' of the wald table.
Terms with zero df listed in attribute 'zerodf' of the wald table.
Terms with zero df listed in attribute 'zerodf' of the wald table.
Terms with zero df listed in attribute 'zerodf' of the wald table.
Terms with zero df listed in attribute 'zerodf' of the wald table.
Terms with zero df listed in attribute 'zerodf' of the wald table.
Terms with zero df listed in attribute 'zerodf' of the wald table.
Terms with zero df listed in attribute 'zerodf' of the wald table.
Terms with zero df listed in attribute 'zerodf' of the wald table.
Terms with zero df listed in attribute 'zerodf' of the wald table.
Terms with zero df listed in attribute 'zerodf' of the wald table.
Terms with zero df listed in attribute 'zerodf' of the wald table.
Terms with zero df listed in attribute 'zerodf' of the wald table.
Terms with zero df listed in attribute 'zerodf' of the wald table.
Terms with zero df listed in attribute 'zerodf' of the wald table.
Terms with zero df listed in attribute 'zerodf' of the wald table.
Terms with zero df listed in attribute 'zerodf' of the wald table.
Terms with zero df listed in attribute 'zerodf' of the wald table.
Terms with zero df listed in attribute 'zerodf' of the wald table.
Terms with zero df listed in attribute 'zerodf' of the wald table.
Terms with zero df listed in attribute 'zerodf' of the wald table.
Terms with zero df listed in attribute 'zerodf' of the wald table.
Terms with zero df listed in attribute 'zerodf' of the wald table.
Terms with zero df listed in attribute 'zerodf' of the wald table.
Terms with zero df listed in attribute 'zerodf' of the wald table.
Terms with zero df listed in attribute 'zerodf' of the wald table.
Terms with zero df listed in attribute 'zerodf' of the wald table.
Terms with zero df listed in attribute 'zerodf' of the wald table.
Terms with zero df listed in attribute 'zerodf' of the wald table.
Terms with zero df listed in attribute 'zerodf' of the wald table.
Terms with zero df listed in attribute 'zerodf' of the wald table.
Terms with zero df listed in attribute 'zerodf' of the wald table.
Terms with zero df listed in attribute 'zerodf' of the wald table.
Terms with zero df listed in attribute 'zerodf' of the wald table.
Terms with zero df listed in attribute 'zerodf' of the wald table.
Terms with zero df listed in attribute 'zerodf' of the wald table.
Terms with zero df listed in attribute 'zerodf' of the wald table.
Terms with zero df listed in attribute 'zerodf' of the wald table.
Terms with zero df listed in attribute 'zerodf' of the wald table.
Terms with zero df listed in attribute 'zerodf' of the wald table.
Terms with zero df listed in attribute 'zerodf' of the wald table.
Terms with zero df listed in attribute 'zerodf' of the wald table.
Terms with zero df listed in attribute 'zerodf' of the wald table.
Terms with zero df listed in attribute 'zerodf' of the wald table.
Terms with zero df listed in attribute 'zerodf' of the wald table.
Terms with zero df listed in attribute 'zerodf' of the wald table.
Terms with zero df listed in attribute 'zerodf' of the wald table.
Terms with zero df listed in attribute 'zerodf' of the wald table.
Terms with zero df listed in attribute 'zerodf' of the wald table.
Terms with zero df listed in attribute 'zerodf' of the wald table.
Terms with zero df listed in attribute 'zerodf' of the wald table.
Terms with zero df listed in attribute 'zerodf' of the wald table.
Terms with zero df listed in attribute 'zerodf' of the wald table.
Terms with zero df listed in attribute 'zerodf' of the wald table.
Terms with zero df listed in attribute 'zerodf' of the wald table.
Terms with zero df listed in attribute 'zerodf' of the wald table.
Terms with zero df listed in attribute 'zerodf' of the wald table.
Terms with zero df listed in attribute 'zerodf' of the wald table.
Terms with zero df listed in attribute 'zerodf' of the wald table.
Terms with zero df listed in attribute 'zerodf' of the wald table.
Terms with zero df listed in attribute 'zerodf' of the wald table.
Terms with zero df listed in attribute 'zerodf' of the wald table.
Terms with zero df listed in attribute 'zerodf' of the wald table.
Terms with zero df listed in attribute 'zerodf' of the wald table.
Terms with zero df listed in attribute 'zerodf' of the wald table.
Terms with zero df listed in attribute 'zerodf' of the wald table.
Terms with zero df listed in attribute 'zerodf' of the wald table.
Terms with zero df listed in attribute 'zerodf' of the wald table.
Terms with zero df listed in attribute 'zerodf' of the wald table.
Terms with zero df listed in attribute 'zerodf' of the wald table.
Terms with zero df listed in attribute 'zerodf' of the wald table.
Terms with zero df listed in attribute 'zerodf' of the wald table.
Terms with zero df listed in attribute 'zerodf' of the wald table.
Terms with zero df listed in attribute 'zerodf' of the wald table.
Terms with zero df listed in attribute 'zerodf' of the wald table.
Terms with zero df listed in attribute 'zerodf' of the wald table.
Terms with zero df listed in attribute 'zerodf' of the wald table.
Terms with zero df listed in attribute 'zerodf' of the wald table.
Terms with zero df listed in attribute 'zerodf' of the wald table.
Terms with zero df listed in attribute 'zerodf' of the wald table.
Terms with zero df listed in attribute 'zerodf' of the wald table.
Terms with zero df listed in attribute 'zerodf' of the wald table.
Terms with zero df listed in attribute 'zerodf' of the wald table.
Terms with zero df listed in attribute 'zerodf' of the wald table.
Terms with zero df listed in attribute 'zerodf' of the wald table.
Terms with zero df listed in attribute 'zerodf' of the wald table.
Terms with zero df listed in attribute 'zerodf' of the wald table.
Terms with zero df listed in attribute 'zerodf' of the wald table.
Terms with zero df listed in attribute 'zerodf' of the wald table.
Terms with zero df listed in attribute 'zerodf' of the wald table.
Terms with zero df listed in attribute 'zerodf' of the wald table.
Terms with zero df listed in attribute 'zerodf' of the wald table.
Terms with zero df listed in attribute 'zerodf' of the wald table.
Terms with zero df listed in attribute 'zerodf' of the wald table.
Terms with zero df listed in attribute 'zerodf' of the wald table.
Terms with zero df listed in attribute 'zerodf' of the wald table.
Terms with zero df listed in attribute 'zerodf' of the wald table.
Terms with zero df listed in attribute 'zerodf' of the wald table.
Terms with zero df listed in attribute 'zerodf' of the wald table.
Terms with zero df listed in attribute 'zerodf' of the wald table.
Terms with zero df listed in attribute 'zerodf' of the wald table.
Terms with zero df listed in attribute 'zerodf' of the wald table.
Terms with zero df listed in attribute 'zerodf' of the wald table.
Terms with zero df listed in attribute 'zerodf' of the wald table.
Terms with zero df listed in attribute 'zerodf' of the wald table.
Terms with zero df listed in attribute 'zerodf' of the wald table.
Terms with zero df listed in attribute 'zerodf' of the wald table.
Terms with zero df listed in attribute 'zerodf' of the wald table.
Terms with zero df listed in attribute 'zerodf' of the wald table.
Terms with zero df listed in attribute 'zerodf' of the wald table.
Terms with zero df listed in attribute 'zerodf' of the wald table.
Terms with zero df listed in attribute 'zerodf' of the wald table.
Terms with zero df listed in attribute 'zerodf' of the wald table.
Terms with zero df listed in attribute 'zerodf' of the wald table.
Terms with zero df listed in attribute 'zerodf' of the wald table.
Terms with zero df listed in attribute 'zerodf' of the wald table.
Terms with zero df listed in attribute 'zerodf' of the wald table.
Terms with zero df listed in attribute 'zerodf' of the wald table.
Terms with zero df listed in attribute 'zerodf' of the wald table.
Terms with zero df listed in attribute 'zerodf' of the wald table.
Terms with zero df listed in attribute 'zerodf' of the wald table.
Terms with zero df listed in attribute 'zerodf' of the wald table.
Terms with zero df listed in attribute 'zerodf' of the wald table.
Terms with zero df listed in attribute 'zerodf' of the wald table.
Terms with zero df listed in attribute 'zerodf' of the wald table.
Terms with zero df listed in attribute 'zerodf' of the wald table.
Terms with zero df listed in attribute 'zerodf' of the wald table.
Terms with zero df listed in attribute 'zerodf' of the wald table.
Terms with zero df listed in attribute 'zerodf' of the wald table.
Terms with zero df listed in attribute 'zerodf' of the wald table.
Terms with zero df listed in attribute 'zerodf' of the wald table.
Terms with zero df listed in attribute 'zerodf' of the wald table.
Terms with zero df listed in attribute 'zerodf' of the wald table.
Terms with zero df listed in attribute 'zerodf' of the wald table.
Terms with zero df listed in attribute 'zerodf' of the wald table.
Terms with zero df listed in attribute 'zerodf' of the wald table.
Terms with zero df listed in attribute 'zerodf' of the wald table.
Terms with zero df listed in attribute 'zerodf' of the wald table.
Terms with zero df listed in attribute 'zerodf' of the wald table.
Terms with zero df listed in attribute 'zerodf' of the wald table.
Terms with zero df listed in attribute 'zerodf' of the wald table.
Terms with zero df listed in attribute 'zerodf' of the wald table.
Terms with zero df listed in attribute 'zerodf' of the wald table.
Terms with zero df listed in attribute 'zerodf' of the wald table.
Terms with zero df listed in attribute 'zerodf' of the wald table.
Terms with zero df listed in attribute 'zerodf' of the wald table.
Terms with zero df listed in attribute 'zerodf' of the wald table.
Terms with zero df listed in attribute 'zerodf' of the wald table.
Terms with zero df listed in attribute 'zerodf' of the wald table.
Terms with zero df listed in attribute 'zerodf' of the wald table.
Terms with zero df listed in attribute 'zerodf' of the wald table.
Terms with zero df listed in attribute 'zerodf' of the wald table.
Terms with zero df listed in attribute 'zerodf' of the wald table.
Terms with zero df listed in attribute 'zerodf' of the wald table.
Terms with zero df listed in attribute 'zerodf' of the wald table.
Terms with zero df listed in attribute 'zerodf' of the wald table.
Terms with zero df listed in attribute 'zerodf' of the wald table.
Terms with zero df listed in attribute 'zerodf' of the wald table.
Terms with zero df listed in attribute 'zerodf' of the wald table.
Terms with zero df listed in attribute 'zerodf' of the wald table.
Terms with zero df listed in attribute 'zerodf' of the wald table.
Terms with zero df listed in attribute 'zerodf' of the wald table.
Terms with zero df listed in attribute 'zerodf' of the wald table.
Terms with zero df listed in attribute 'zerodf' of the wald table.
Terms with zero df listed in attribute 'zerodf' of the wald table.
Terms with zero df listed in attribute 'zerodf' of the wald table.
Terms with zero df listed in attribute 'zerodf' of the wald table.
Terms with zero df listed in attribute 'zerodf' of the wald table.
Terms with zero df listed in attribute 'zerodf' of the wald table.
Terms with zero df listed in attribute 'zerodf' of the wald table.
Terms with zero df listed in attribute 'zerodf' of the wald table.
Terms with zero df listed in attribute 'zerodf' of the wald table.
Terms with zero df listed in attribute 'zerodf' of the wald table.
Terms with zero df listed in attribute 'zerodf' of the wald table.
Terms with zero df listed in attribute 'zerodf' of the wald table.
Terms with zero df listed in attribute 'zerodf' of the wald table.
Terms with zero df listed in attribute 'zerodf' of the wald table.
Terms with zero df listed in attribute 'zerodf' of the wald table.
Terms with zero df listed in attribute 'zerodf' of the wald table.
Terms with zero df listed in attribute 'zerodf' of the wald table.
Terms with zero df listed in attribute 'zerodf' of the wald table.
Terms with zero df listed in attribute 'zerodf' of the wald table.
Terms with zero df listed in attribute 'zerodf' of the wald table.
Terms with zero df listed in attribute 'zerodf' of the wald table.
Terms with zero df listed in attribute 'zerodf' of the wald table.
Terms with zero df listed in attribute 'zerodf' of the wald table.
Terms with zero df listed in attribute 'zerodf' of the wald table.
Terms with zero df listed in attribute 'zerodf' of the wald table.
Terms with zero df listed in attribute 'zerodf' of the wald table.
Terms with zero df listed in attribute 'zerodf' of the wald table.
Terms with zero df listed in attribute 'zerodf' of the wald table.
Terms with zero df listed in attribute 'zerodf' of the wald table.
Terms with zero df listed in attribute 'zerodf' of the wald table.
Terms with zero df listed in attribute 'zerodf' of the wald table.
Terms with zero df listed in attribute 'zerodf' of the wald table.
Terms with zero df listed in attribute 'zerodf' of the wald table.
Terms with zero df listed in attribute 'zerodf' of the wald table.
Terms with zero df listed in attribute 'zerodf' of the wald table.
Terms with zero df listed in attribute 'zerodf' of the wald table.
Terms with zero df listed in attribute 'zerodf' of the wald table.
Terms with zero df listed in attribute 'zerodf' of the wald table.
Terms with zero df listed in attribute 'zerodf' of the wald table.
Terms with zero df listed in attribute 'zerodf' of the wald table.
Terms with zero df listed in attribute 'zerodf' of the wald table.
Terms with zero df listed in attribute 'zerodf' of the wald table.
Terms with zero df listed in attribute 'zerodf' of the wald table.
Terms with zero df listed in attribute 'zerodf' of the wald table.
Terms with zero df listed in attribute 'zerodf' of the wald table.
Terms with zero df listed in attribute 'zerodf' of the wald table.
Terms with zero df listed in attribute 'zerodf' of the wald table.
Terms with zero df listed in attribute 'zerodf' of the wald table.
Terms with zero df listed in attribute 'zerodf' of the wald table.
Terms with zero df listed in attribute 'zerodf' of the wald table.
Terms with zero df listed in attribute 'zerodf' of the wald table.
Terms with zero df listed in attribute 'zerodf' of the wald table.
Terms with zero df listed in attribute 'zerodf' of the wald table.
Terms with zero df listed in attribute 'zerodf' of the wald table.
Terms with zero df listed in attribute 'zerodf' of the wald table.
Terms with zero df listed in attribute 'zerodf' of the wald table.
Terms with zero df listed in attribute 'zerodf' of the wald table.
Terms with zero df listed in attribute 'zerodf' of the wald table.
Terms with zero df listed in attribute 'zerodf' of the wald table.
Terms with zero df listed in attribute 'zerodf' of the wald table.
Terms with zero df listed in attribute 'zerodf' of the wald table.
Terms with zero df listed in attribute 'zerodf' of the wald table.
Terms with zero df listed in attribute 'zerodf' of the wald table.
Terms with zero df listed in attribute 'zerodf' of the wald table.
Terms with zero df listed in attribute 'zerodf' of the wald table.
Terms with zero df listed in attribute 'zerodf' of the wald table.
Terms with zero df listed in attribute 'zerodf' of the wald table.
Terms with zero df listed in attribute 'zerodf' of the wald table.
Terms with zero df listed in attribute 'zerodf' of the wald table.
Terms with zero df listed in attribute 'zerodf' of the wald table.
Terms with zero df listed in attribute 'zerodf' of the wald table.
Terms with zero df listed in attribute 'zerodf' of the wald table.
Terms with zero df listed in attribute 'zerodf' of the wald table.
Terms with zero df listed in attribute 'zerodf' of the wald table.
Terms with zero df listed in attribute 'zerodf' of the wald table.
Terms with zero df listed in attribute 'zerodf' of the wald table.
Terms with zero df listed in attribute 'zerodf' of the wald table.
Terms with zero df listed in attribute 'zerodf' of the wald table.
Terms with zero df listed in attribute 'zerodf' of the wald table.
Terms with zero df listed in attribute 'zerodf' of the wald table.
Terms with zero df listed in attribute 'zerodf' of the wald table.
Terms with zero df listed in attribute 'zerodf' of the wald table.
Terms with zero df listed in attribute 'zerodf' of the wald table.
Terms with zero df listed in attribute 'zerodf' of the wald table.
Terms with zero df listed in attribute 'zerodf' of the wald table.
Terms with zero df listed in attribute 'zerodf' of the wald table.
Terms with zero df listed in attribute 'zerodf' of the wald table.
Terms with zero df listed in attribute 'zerodf' of the wald table.
Terms with zero df listed in attribute 'zerodf' of the wald table.
Terms with zero df listed in attribute 'zerodf' of the wald table.
Terms with zero df listed in attribute 'zerodf' of the wald table.
Terms with zero df listed in attribute 'zerodf' of the wald table.
Terms with zero df listed in attribute 'zerodf' of the wald table.
Terms with zero df listed in attribute 'zerodf' of the wald table.
Terms with zero df listed in attribute 'zerodf' of the wald table.
Terms with zero df listed in attribute 'zerodf' of the wald table.
Terms with zero df listed in attribute 'zerodf' of the wald table.
Terms with zero df listed in attribute 'zerodf' of the wald table.
Terms with zero df listed in attribute 'zerodf' of the wald table.
Terms with zero df listed in attribute 'zerodf' of the wald table.
Terms with zero df listed in attribute 'zerodf' of the wald table.
Terms with zero df listed in attribute 'zerodf' of the wald table.
Terms with zero df listed in attribute 'zerodf' of the wald table.
Terms with zero df listed in attribute 'zerodf' of the wald table.
Terms with zero df listed in attribute 'zerodf' of the wald table.
Terms with zero df listed in attribute 'zerodf' of the wald table.
Terms with zero df listed in attribute 'zerodf' of the wald table.
Terms with zero df listed in attribute 'zerodf' of the wald table.
Terms with zero df listed in attribute 'zerodf' of the wald table.
Terms with zero df listed in attribute 'zerodf' of the wald table.
Terms with zero df listed in attribute 'zerodf' of the wald table.
Terms with zero df listed in attribute 'zerodf' of the wald table.
Terms with zero df listed in attribute 'zerodf' of the wald table.
Terms with zero df listed in attribute 'zerodf' of the wald table.
Terms with zero df listed in attribute 'zerodf' of the wald table.
Terms with zero df listed in attribute 'zerodf' of the wald table.
Terms with zero df listed in attribute 'zerodf' of the wald table.
Terms with zero df listed in attribute 'zerodf' of the wald table.
Terms with zero df listed in attribute 'zerodf' of the wald table.
Terms with zero df listed in attribute 'zerodf' of the wald table.
Terms with zero df listed in attribute 'zerodf' of the wald table.
Terms with zero df listed in attribute 'zerodf' of the wald table.
Terms with zero df listed in attribute 'zerodf' of the wald table.
Terms with zero df listed in attribute 'zerodf' of the wald table.
Terms with zero df listed in attribute 'zerodf' of the wald table.
Terms with zero df listed in attribute 'zerodf' of the wald table.
Terms with zero df listed in attribute 'zerodf' of the wald table.
Terms with zero df listed in attribute 'zerodf' of the wald table.
Terms with zero df listed in attribute 'zerodf' of the wald table.
Terms with zero df listed in attribute 'zerodf' of the wald table.
Terms with zero df listed in attribute 'zerodf' of the wald table.
Terms with zero df listed in attribute 'zerodf' of the wald table.
Terms with zero df listed in attribute 'zerodf' of the wald table.
Terms with zero df listed in attribute 'zerodf' of the wald table.
Terms with zero df listed in attribute 'zerodf' of the wald table.
Terms with zero df listed in attribute 'zerodf' of the wald table.
Terms with zero df listed in attribute 'zerodf' of the wald table.
Terms with zero df listed in attribute 'zerodf' of the wald table.
Terms with zero df listed in attribute 'zerodf' of the wald table.
Terms with zero df listed in attribute 'zerodf' of the wald table.
Terms with zero df listed in attribute 'zerodf' of the wald table.
Terms with zero df listed in attribute 'zerodf' of the wald table.
Terms with zero df listed in attribute 'zerodf' of the wald table.
Terms with zero df listed in attribute 'zerodf' of the wald table.
Terms with zero df listed in attribute 'zerodf' of the wald table.
Terms with zero df listed in attribute 'zerodf' of the wald table.
Terms with zero df listed in attribute 'zerodf' of the wald table.
Terms with zero df listed in attribute 'zerodf' of the wald table.
Terms with zero df listed in attribute 'zerodf' of the wald table.
Terms with zero df listed in attribute 'zerodf' of the wald table.
Terms with zero df listed in attribute 'zerodf' of the wald table.
Terms with zero df listed in attribute 'zerodf' of the wald table.
Terms with zero df listed in attribute 'zerodf' of the wald table.
Terms with zero df listed in attribute 'zerodf' of the wald table.
Terms with zero df listed in attribute 'zerodf' of the wald table.
Terms with zero df listed in attribute 'zerodf' of the wald table.
Terms with zero df listed in attribute 'zerodf' of the wald table.
Terms with zero df listed in attribute 'zerodf' of the wald table.
Terms with zero df listed in attribute 'zerodf' of the wald table.
Terms with zero df listed in attribute 'zerodf' of the wald table.
Terms with zero df listed in attribute 'zerodf' of the wald table.
Terms with zero df listed in attribute 'zerodf' of the wald table.
Terms with zero df listed in attribute 'zerodf' of the wald table.
Terms with zero df listed in attribute 'zerodf' of the wald table.
Terms with zero df listed in attribute 'zerodf' of the wald table.
Terms with zero df listed in attribute 'zerodf' of the wald table.
Terms with zero df listed in attribute 'zerodf' of the wald table.
Terms with zero df listed in attribute 'zerodf' of the wald table.
Terms with zero df listed in attribute 'zerodf' of the wald table.
Terms with zero df listed in attribute 'zerodf' of the wald table.
Terms with zero df listed in attribute 'zerodf' of the wald table.
Terms with zero df listed in attribute 'zerodf' of the wald table.
Terms with zero df listed in attribute 'zerodf' of the wald table.
Terms with zero df listed in attribute 'zerodf' of the wald table.
Terms with zero df listed in attribute 'zerodf' of the wald table.
Terms with zero df listed in attribute 'zerodf' of the wald table.
Terms with zero df listed in attribute 'zerodf' of the wald table.
Terms with zero df listed in attribute 'zerodf' of the wald table.
Terms with zero df listed in attribute 'zerodf' of the wald table.
Terms with zero df listed in attribute 'zerodf' of the wald table.
Terms with zero df listed in attribute 'zerodf' of the wald table.
Terms with zero df listed in attribute 'zerodf' of the wald table.
Terms with zero df listed in attribute 'zerodf' of the wald table.
Terms with zero df listed in attribute 'zerodf' of the wald table.
Terms with zero df listed in attribute 'zerodf' of the wald table.
Terms with zero df listed in attribute 'zerodf' of the wald table.
Terms with zero df listed in attribute 'zerodf' of the wald table.
Terms with zero df listed in attribute 'zerodf' of the wald table.
Terms with zero df listed in attribute 'zerodf' of the wald table.
Terms with zero df listed in attribute 'zerodf' of the wald table.
Terms with zero df listed in attribute 'zerodf' of the wald table.
Terms with zero df listed in attribute 'zerodf' of the wald table.
Terms with zero df listed in attribute 'zerodf' of the wald table.
Terms with zero df listed in attribute 'zerodf' of the wald table.
Terms with zero df listed in attribute 'zerodf' of the wald table.
Terms with zero df listed in attribute 'zerodf' of the wald table.
Terms with zero df listed in attribute 'zerodf' of the wald table.
Terms with zero df listed in attribute 'zerodf' of the wald table.
Terms with zero df listed in attribute 'zerodf' of the wald table.
Terms with zero df listed in attribute 'zerodf' of the wald table.
Terms with zero df listed in attribute 'zerodf' of the wald table.
Terms with zero df listed in attribute 'zerodf' of the wald table.
Terms with zero df listed in attribute 'zerodf' of the wald table.
Terms with zero df listed in attribute 'zerodf' of the wald table.
Terms with zero df listed in attribute 'zerodf' of the wald table.
Terms with zero df listed in attribute 'zerodf' of the wald table.
Terms with zero df listed in attribute 'zerodf' of the wald table.
Terms with zero df listed in attribute 'zerodf' of the wald table.
Terms with zero df listed in attribute 'zerodf' of the wald table.
Terms with zero df listed in attribute 'zerodf' of the wald table.
Terms with zero df listed in attribute 'zerodf' of the wald table.
Terms with zero df listed in attribute 'zerodf' of the wald table.
Terms with zero df listed in attribute 'zerodf' of the wald table.
Terms with zero df listed in attribute 'zerodf' of the wald table.
Terms with zero df listed in attribute 'zerodf' of the wald table.
Terms with zero df listed in attribute 'zerodf' of the wald table.
Terms with zero df listed in attribute 'zerodf' of the wald table.
Terms with zero df listed in attribute 'zerodf' of the wald table.
Terms with zero df listed in attribute 'zerodf' of the wald table.
Terms with zero df listed in attribute 'zerodf' of the wald table.
Terms with zero df listed in attribute 'zerodf' of the wald table.
Terms with zero df listed in attribute 'zerodf' of the wald table.
Terms with zero df listed in attribute 'zerodf' of the wald table.
Terms with zero df listed in attribute 'zerodf' of the wald table.
Terms with zero df listed in attribute 'zerodf' of the wald table.
Terms with zero df listed in attribute 'zerodf' of the wald table.
Terms with zero df listed in attribute 'zerodf' of the wald table.
Terms with zero df listed in attribute 'zerodf' of the wald table.
Terms with zero df listed in attribute 'zerodf' of the wald table.
Terms with zero df listed in attribute 'zerodf' of the wald table.
Terms with zero df listed in attribute 'zerodf' of the wald table.
Terms with zero df listed in attribute 'zerodf' of the wald table.
Terms with zero df listed in attribute 'zerodf' of the wald table.
Terms with zero df listed in attribute 'zerodf' of the wald table.
Terms with zero df listed in attribute 'zerodf' of the wald table.
Terms with zero df listed in attribute 'zerodf' of the wald table.
Terms with zero df listed in attribute 'zerodf' of the wald table.
Terms with zero df listed in attribute 'zerodf' of the wald table.
Terms with zero df listed in attribute 'zerodf' of the wald table.
Terms with zero df listed in attribute 'zerodf' of the wald table.
Terms with zero df listed in attribute 'zerodf' of the wald table.
Terms with zero df listed in attribute 'zerodf' of the wald table.
Terms with zero df listed in attribute 'zerodf' of the wald table.
Terms with zero df listed in attribute 'zerodf' of the wald table.
Terms with zero df listed in attribute 'zerodf' of the wald table.
Terms with zero df listed in attribute 'zerodf' of the wald table.
Terms with zero df listed in attribute 'zerodf' of the wald table.
Terms with zero df listed in attribute 'zerodf' of the wald table.
Terms with zero df listed in attribute 'zerodf' of the wald table.
Terms with zero df listed in attribute 'zerodf' of the wald table.
Terms with zero df listed in attribute 'zerodf' of the wald table.
Terms with zero df listed in attribute 'zerodf' of the wald table.
Terms with zero df listed in attribute 'zerodf' of the wald table.
Terms with zero df listed in attribute 'zerodf' of the wald table.
Terms with zero df listed in attribute 'zerodf' of the wald table.
Terms with zero df listed in attribute 'zerodf' of the wald table.
Terms with zero df listed in attribute 'zerodf' of the wald table.
Terms with zero df listed in attribute 'zerodf' of the wald table.
Terms with zero df listed in attribute 'zerodf' of the wald table.
Terms with zero df listed in attribute 'zerodf' of the wald table.
Terms with zero df listed in attribute 'zerodf' of the wald table.
Terms with zero df listed in attribute 'zerodf' of the wald table.
Terms with zero df listed in attribute 'zerodf' of the wald table.
Terms with zero df listed in attribute 'zerodf' of the wald table.
Terms with zero df listed in attribute 'zerodf' of the wald table.
Terms with zero df listed in attribute 'zerodf' of the wald table.
Terms with zero df listed in attribute 'zerodf' of the wald table.
Terms with zero df listed in attribute 'zerodf' of the wald table.
Terms with zero df listed in attribute 'zerodf' of the wald table.
Terms with zero df listed in attribute 'zerodf' of the wald table.
Terms with zero df listed in attribute 'zerodf' of the wald table.
Terms with zero df listed in attribute 'zerodf' of the wald table.
Terms with zero df listed in attribute 'zerodf' of the wald table.
Terms with zero df listed in attribute 'zerodf' of the wald table.
Terms with zero df listed in attribute 'zerodf' of the wald table.
Terms with zero df listed in attribute 'zerodf' of the wald table.
Terms with zero df listed in attribute 'zerodf' of the wald table.
Terms with zero df listed in attribute 'zerodf' of the wald table.
Terms with zero df listed in attribute 'zerodf' of the wald table.
Terms with zero df listed in attribute 'zerodf' of the wald table.
Terms with zero df listed in attribute 'zerodf' of the wald table.
Terms with zero df listed in attribute 'zerodf' of the wald table.
Terms with zero df listed in attribute 'zerodf' of the wald table.
Terms with zero df listed in attribute 'zerodf' of the wald table.
Terms with zero df listed in attribute 'zerodf' of the wald table.
Terms with zero df listed in attribute 'zerodf' of the wald table.
Terms with zero df listed in attribute 'zerodf' of the wald table.
Terms with zero df listed in attribute 'zerodf' of the wald table.
Terms with zero df listed in attribute 'zerodf' of the wald table.
Terms with zero df listed in attribute 'zerodf' of the wald table.
Terms with zero df listed in attribute 'zerodf' of the wald table.
Terms with zero df listed in attribute 'zerodf' of the wald table.
Terms with zero df listed in attribute 'zerodf' of the wald table.
Terms with zero df listed in attribute 'zerodf' of the wald table.
Terms with zero df listed in attribute 'zerodf' of the wald table.
Terms with zero df listed in attribute 'zerodf' of the wald table.
Terms with zero df listed in attribute 'zerodf' of the wald table.
Terms with zero df listed in attribute 'zerodf' of the wald table.
Terms with zero df listed in attribute 'zerodf' of the wald table.
Terms with zero df listed in attribute 'zerodf' of the wald table.
Terms with zero df listed in attribute 'zerodf' of the wald table.
Terms with zero df listed in attribute 'zerodf' of the wald table.
Terms with zero df listed in attribute 'zerodf' of the wald table.
Terms with zero df listed in attribute 'zerodf' of the wald table.
Terms with zero df listed in attribute 'zerodf' of the wald table.
Terms with zero df listed in attribute 'zerodf' of the wald table.
Terms with zero df listed in attribute 'zerodf' of the wald table.
Terms with zero df listed in attribute 'zerodf' of the wald table.
Terms with zero df listed in attribute 'zerodf' of the wald table.
Terms with zero df listed in attribute 'zerodf' of the wald table.
Terms with zero df listed in attribute 'zerodf' of the wald table.
Terms with zero df listed in attribute 'zerodf' of the wald table.
Terms with zero df listed in attribute 'zerodf' of the wald table.
Terms with zero df listed in attribute 'zerodf' of the wald table.
Terms with zero df listed in attribute 'zerodf' of the wald table.
Terms with zero df listed in attribute 'zerodf' of the wald table.
Terms with zero df listed in attribute 'zerodf' of the wald table.
Terms with zero df listed in attribute 'zerodf' of the wald table.
Terms with zero df listed in attribute 'zerodf' of the wald table.
Terms with zero df listed in attribute 'zerodf' of the wald table.
Terms with zero df listed in attribute 'zerodf' of the wald table.
Terms with zero df listed in attribute 'zerodf' of the wald table.
Terms with zero df listed in attribute 'zerodf' of the wald table.
Terms with zero df listed in attribute 'zerodf' of the wald table.
Terms with zero df listed in attribute 'zerodf' of the wald table.
Terms with zero df listed in attribute 'zerodf' of the wald table.
Terms with zero df listed in attribute 'zerodf' of the wald table.
Terms with zero df listed in attribute 'zerodf' of the wald table.
Terms with zero df listed in attribute 'zerodf' of the wald table.
Terms with zero df listed in attribute 'zerodf' of the wald table.
Terms with zero df listed in attribute 'zerodf' of the wald table.
Terms with zero df listed in attribute 'zerodf' of the wald table.
Terms with zero df listed in attribute 'zerodf' of the wald table.
Terms with zero df listed in attribute 'zerodf' of the wald table.
Terms with zero df listed in attribute 'zerodf' of the wald table.
Terms with zero df listed in attribute 'zerodf' of the wald table.
Terms with zero df listed in attribute 'zerodf' of the wald table.
Terms with zero df listed in attribute 'zerodf' of the wald table.
Terms with zero df listed in attribute 'zerodf' of the wald table.
Terms with zero df listed in attribute 'zerodf' of the wald table.
Terms with zero df listed in attribute 'zerodf' of the wald table.
Terms with zero df listed in attribute 'zerodf' of the wald table.
Terms with zero df listed in attribute 'zerodf' of the wald table.
Terms with zero df listed in attribute 'zerodf' of the wald table.
Terms with zero df listed in attribute 'zerodf' of the wald table.
Terms with zero df listed in attribute 'zerodf' of the wald table.
Terms with zero df listed in attribute 'zerodf' of the wald table.
Terms with zero df listed in attribute 'zerodf' of the wald table.
Terms with zero df listed in attribute 'zerodf' of the wald table.
Terms with zero df listed in attribute 'zerodf' of the wald table.
Terms with zero df listed in attribute 'zerodf' of the wald table.
Terms with zero df listed in attribute 'zerodf' of the wald table.
Terms with zero df listed in attribute 'zerodf' of the wald table.
Terms with zero df listed in attribute 'zerodf' of the wald table.
Terms with zero df listed in attribute 'zerodf' of the wald table.
Terms with zero df listed in attribute 'zerodf' of the wald table.
Terms with zero df listed in attribute 'zerodf' of the wald table.
Terms with zero df listed in attribute 'zerodf' of the wald table.
Terms with zero df listed in attribute 'zerodf' of the wald table.
Terms with zero df listed in attribute 'zerodf' of the wald table.
Terms with zero df listed in attribute 'zerodf' of the wald table.
Terms with zero df listed in attribute 'zerodf' of the wald table.
Terms with zero df listed in attribute 'zerodf' of the wald table.
Terms with zero df listed in attribute 'zerodf' of the wald table.
Terms with zero df listed in attribute 'zerodf' of the wald table.
Terms with zero df listed in attribute 'zerodf' of the wald table.
Terms with zero df listed in attribute 'zerodf' of the wald table.
Terms with zero df listed in attribute 'zerodf' of the wald table.
Terms with zero df listed in attribute 'zerodf' of the wald table.
Terms with zero df listed in attribute 'zerodf' of the wald table.
Terms with zero df listed in attribute 'zerodf' of the wald table.
Terms with zero df listed in attribute 'zerodf' of the wald table.
Terms with zero df listed in attribute 'zerodf' of the wald table.
Terms with zero df listed in attribute 'zerodf' of the wald table.
Terms with zero df listed in attribute 'zerodf' of the wald table.
Terms with zero df listed in attribute 'zerodf' of the wald table.
Terms with zero df listed in attribute 'zerodf' of the wald table.
Terms with zero df listed in attribute 'zerodf' of the wald table.
Terms with zero df listed in attribute 'zerodf' of the wald table.
Terms with zero df listed in attribute 'zerodf' of the wald table.
Terms with zero df listed in attribute 'zerodf' of the wald table.
Terms with zero df listed in attribute 'zerodf' of the wald table.
Terms with zero df listed in attribute 'zerodf' of the wald table.
Terms with zero df listed in attribute 'zerodf' of the wald table.
Terms with zero df listed in attribute 'zerodf' of the wald table.
Terms with zero df listed in attribute 'zerodf' of the wald table.
Terms with zero df listed in attribute 'zerodf' of the wald table.
Terms with zero df listed in attribute 'zerodf' of the wald table.
Terms with zero df listed in attribute 'zerodf' of the wald table.
Terms with zero df listed in attribute 'zerodf' of the wald table.
Terms with zero df listed in attribute 'zerodf' of the wald table.
Terms with zero df listed in attribute 'zerodf' of the wald table.
Terms with zero df listed in attribute 'zerodf' of the wald table.
Terms with zero df listed in attribute 'zerodf' of the wald table.
Terms with zero df listed in attribute 'zerodf' of the wald table.
Terms with zero df listed in attribute 'zerodf' of the wald table.
Terms with zero df listed in attribute 'zerodf' of the wald table.
Terms with zero df listed in attribute 'zerodf' of the wald table.
Terms with zero df listed in attribute 'zerodf' of the wald table.
Terms with zero df listed in attribute 'zerodf' of the wald table.
Terms with zero df listed in attribute 'zerodf' of the wald table.
Terms with zero df listed in attribute 'zerodf' of the wald table.
Terms with zero df listed in attribute 'zerodf' of the wald table.
Terms with zero df listed in attribute 'zerodf' of the wald table.
Terms with zero df listed in attribute 'zerodf' of the wald table.
Terms with zero df listed in attribute 'zerodf' of the wald table.
Terms with zero df listed in attribute 'zerodf' of the wald table.
Terms with zero df listed in attribute 'zerodf' of the wald table.
Terms with zero df listed in attribute 'zerodf' of the wald table.
Terms with zero df listed in attribute 'zerodf' of the wald table.
Terms with zero df listed in attribute 'zerodf' of the wald table.
Terms with zero df listed in attribute 'zerodf' of the wald table.
Terms with zero df listed in attribute 'zerodf' of the wald table.
Terms with zero df listed in attribute 'zerodf' of the wald table.
Terms with zero df listed in attribute 'zerodf' of the wald table.
Terms with zero df listed in attribute 'zerodf' of the wald table.
Terms with zero df listed in attribute 'zerodf' of the wald table.
Terms with zero df listed in attribute 'zerodf' of the wald table.
Terms with zero df listed in attribute 'zerodf' of the wald table.
Terms with zero df listed in attribute 'zerodf' of the wald table.
Terms with zero df listed in attribute 'zerodf' of the wald table.
Terms with zero df listed in attribute 'zerodf' of the wald table.
Terms with zero df listed in attribute 'zerodf' of the wald table.
Terms with zero df listed in attribute 'zerodf' of the wald table.
Terms with zero df listed in attribute 'zerodf' of the wald table.
Terms with zero df listed in attribute 'zerodf' of the wald table.
Terms with zero df listed in attribute 'zerodf' of the wald table.
Terms with zero df listed in attribute 'zerodf' of the wald table.
Terms with zero df listed in attribute 'zerodf' of the wald table.
Terms with zero df listed in attribute 'zerodf' of the wald table.
Terms with zero df listed in attribute 'zerodf' of the wald table.
Terms with zero df listed in attribute 'zerodf' of the wald table.
Terms with zero df listed in attribute 'zerodf' of the wald table.
Terms with zero df listed in attribute 'zerodf' of the wald table.
Terms with zero df listed in attribute 'zerodf' of the wald table.
Terms with zero df listed in attribute 'zerodf' of the wald table.
Terms with zero df listed in attribute 'zerodf' of the wald table.
Terms with zero df listed in attribute 'zerodf' of the wald table.
Terms with zero df listed in attribute 'zerodf' of the wald table.
Terms with zero df listed in attribute 'zerodf' of the wald table.
Terms with zero df listed in attribute 'zerodf' of the wald table.
Terms with zero df listed in attribute 'zerodf' of the wald table.
Terms with zero df listed in attribute 'zerodf' of the wald table.
Terms with zero df listed in attribute 'zerodf' of the wald table.
Terms with zero df listed in attribute 'zerodf' of the wald table.
Terms with zero df listed in attribute 'zerodf' of the wald table.
Terms with zero df listed in attribute 'zerodf' of the wald table.
Terms with zero df listed in attribute 'zerodf' of the wald table.
Terms with zero df listed in attribute 'zerodf' of the wald table.
Terms with zero df listed in attribute 'zerodf' of the wald table.
Terms with zero df listed in attribute 'zerodf' of the wald table.
Terms with zero df listed in attribute 'zerodf' of the wald table.
Terms with zero df listed in attribute 'zerodf' of the wald table.
Terms with zero df listed in attribute 'zerodf' of the wald table.
Terms with zero df listed in attribute 'zerodf' of the wald table.
Terms with zero df listed in attribute 'zerodf' of the wald table.
Terms with zero df listed in attribute 'zerodf' of the wald table.
Terms with zero df listed in attribute 'zerodf' of the wald table.
Terms with zero df listed in attribute 'zerodf' of the wald table.
Terms with zero df listed in attribute 'zerodf' of the wald table.
Terms with zero df listed in attribute 'zerodf' of the wald table.
Terms with zero df listed in attribute 'zerodf' of the wald table.
Terms with zero df listed in attribute 'zerodf' of the wald table.
Terms with zero df listed in attribute 'zerodf' of the wald table.
Terms with zero df listed in attribute 'zerodf' of the wald table.
Terms with zero df listed in attribute 'zerodf' of the wald table.
Terms with zero df listed in attribute 'zerodf' of the wald table.
Terms with zero df listed in attribute 'zerodf' of the wald table.
Terms with zero df listed in attribute 'zerodf' of the wald table.
Terms with zero df listed in attribute 'zerodf' of the wald table.
Terms with zero df listed in attribute 'zerodf' of the wald table.
Terms with zero df listed in attribute 'zerodf' of the wald table.
Terms with zero df listed in attribute 'zerodf' of the wald table.
Terms with zero df listed in attribute 'zerodf' of the wald table.
Terms with zero df listed in attribute 'zerodf' of the wald table.
Terms with zero df listed in attribute 'zerodf' of the wald table.
Terms with zero df listed in attribute 'zerodf' of the wald table.
Terms with zero df listed in attribute 'zerodf' of the wald table.
Terms with zero df listed in attribute 'zerodf' of the wald table.
Terms with zero df listed in attribute 'zerodf' of the wald table.
Terms with zero df listed in attribute 'zerodf' of the wald table.
Terms with zero df listed in attribute 'zerodf' of the wald table.
Terms with zero df listed in attribute 'zerodf' of the wald table.
Terms with zero df listed in attribute 'zerodf' of the wald table.
Terms with zero df listed in attribute 'zerodf' of the wald table.
Terms with zero df listed in attribute 'zerodf' of the wald table.
Terms with zero df listed in attribute 'zerodf' of the wald table.
Terms with zero df listed in attribute 'zerodf' of the wald table.
Terms with zero df listed in attribute 'zerodf' of the wald table.
Terms with zero df listed in attribute 'zerodf' of the wald table.
Terms with zero df listed in attribute 'zerodf' of the wald table.
Terms with zero df listed in attribute 'zerodf' of the wald table.
Terms with zero df listed in attribute 'zerodf' of the wald table.
Terms with zero df listed in attribute 'zerodf' of the wald table.
Terms with zero df listed in attribute 'zerodf' of the wald table.
Terms with zero df listed in attribute 'zerodf' of the wald table.
Terms with zero df listed in attribute 'zerodf' of the wald table.
Terms with zero df listed in attribute 'zerodf' of the wald table.
Terms with zero df listed in attribute 'zerodf' of the wald table.
Terms with zero df listed in attribute 'zerodf' of the wald table.
Terms with zero df listed in attribute 'zerodf' of the wald table.
Terms with zero df listed in attribute 'zerodf' of the wald table.
Terms with zero df listed in attribute 'zerodf' of the wald table.
Terms with zero df listed in attribute 'zerodf' of the wald table.
Terms with zero df listed in attribute 'zerodf' of the wald table.
Terms with zero df listed in attribute 'zerodf' of the wald table.
Terms with zero df listed in attribute 'zerodf' of the wald table.
Terms with zero df listed in attribute 'zerodf' of the wald table.
Terms with zero df listed in attribute 'zerodf' of the wald table.
Terms with zero df listed in attribute 'zerodf' of the wald table.
Terms with zero df listed in attribute 'zerodf' of the wald table.
Terms with zero df listed in attribute 'zerodf' of the wald table.
Terms with zero df listed in attribute 'zerodf' of the wald table.
Terms with zero df listed in attribute 'zerodf' of the wald table.
Terms with zero df listed in attribute 'zerodf' of the wald table.
Terms with zero df listed in attribute 'zerodf' of the wald table.
Terms with zero df listed in attribute 'zerodf' of the wald table.
Terms with zero df listed in attribute 'zerodf' of the wald table.
Terms with zero df listed in attribute 'zerodf' of the wald table.
Terms with zero df listed in attribute 'zerodf' of the wald table.
Terms with zero df listed in attribute 'zerodf' of the wald table.
Terms with zero df listed in attribute 'zerodf' of the wald table.
Terms with zero df listed in attribute 'zerodf' of the wald table.
Terms with zero df listed in attribute 'zerodf' of the wald table.
Terms with zero df listed in attribute 'zerodf' of the wald table.
Terms with zero df listed in attribute 'zerodf' of the wald table.
Terms with zero df listed in attribute 'zerodf' of the wald table.
Terms with zero df listed in attribute 'zerodf' of the wald table.
Terms with zero df listed in attribute 'zerodf' of the wald table.
Terms with zero df listed in attribute 'zerodf' of the wald table.
Terms with zero df listed in attribute 'zerodf' of the wald table.
Terms with zero df listed in attribute 'zerodf' of the wald table.
Terms with zero df listed in attribute 'zerodf' of the wald table.
Terms with zero df listed in attribute 'zerodf' of the wald table.
Terms with zero df listed in attribute 'zerodf' of the wald table.
Terms with zero df listed in attribute 'zerodf' of the wald table.
Terms with zero df listed in attribute 'zerodf' of the wald table.
Terms with zero df listed in attribute 'zerodf' of the wald table.
Terms with zero df listed in attribute 'zerodf' of the wald table.
Terms with zero df listed in attribute 'zerodf' of the wald table.
Terms with zero df listed in attribute 'zerodf' of the wald table.
Terms with zero df listed in attribute 'zerodf' of the wald table.
Terms with zero df listed in attribute 'zerodf' of the wald table.
Terms with zero df listed in attribute 'zerodf' of the wald table.
Terms with zero df listed in attribute 'zerodf' of the wald table.
Terms with zero df listed in attribute 'zerodf' of the wald table.
Terms with zero df listed in attribute 'zerodf' of the wald table.
Terms with zero df listed in attribute 'zerodf' of the wald table.
Terms with zero df listed in attribute 'zerodf' of the wald table.
Terms with zero df listed in attribute 'zerodf' of the wald table.
Terms with zero df listed in attribute 'zerodf' of the wald table.
Terms with zero df listed in attribute 'zerodf' of the wald table.
Terms with zero df listed in attribute 'zerodf' of the wald table.
Terms with zero df listed in attribute 'zerodf' of the wald table.
Terms with zero df listed in attribute 'zerodf' of the wald table.
Terms with zero df listed in attribute 'zerodf' of the wald table.
Terms with zero df listed in attribute 'zerodf' of the wald table.
Terms with zero df listed in attribute 'zerodf' of the wald table.
Terms with zero df listed in attribute 'zerodf' of the wald table.
Terms with zero df listed in attribute 'zerodf' of the wald table.
Terms with zero df listed in attribute 'zerodf' of the wald table.
Terms with zero df listed in attribute 'zerodf' of the wald table.
Terms with zero df listed in attribute 'zerodf' of the wald table.
Terms with zero df listed in attribute 'zerodf' of the wald table.
Terms with zero df listed in attribute 'zerodf' of the wald table.
Terms with zero df listed in attribute 'zerodf' of the wald table.
Terms with zero df listed in attribute 'zerodf' of the wald table.
Terms with zero df listed in attribute 'zerodf' of the wald table.
Terms with zero df listed in attribute 'zerodf' of the wald table.
Terms with zero df listed in attribute 'zerodf' of the wald table.
Terms with zero df listed in attribute 'zerodf' of the wald table.
Terms with zero df listed in attribute 'zerodf' of the wald table.
Terms with zero df listed in attribute 'zerodf' of the wald table.
Terms with zero df listed in attribute 'zerodf' of the wald table.
Terms with zero df listed in attribute 'zerodf' of the wald table.
Terms with zero df listed in attribute 'zerodf' of the wald table.
Terms with zero df listed in attribute 'zerodf' of the wald table.
Terms with zero df listed in attribute 'zerodf' of the wald table.
Terms with zero df listed in attribute 'zerodf' of the wald table.
Terms with zero df listed in attribute 'zerodf' of the wald table.
Terms with zero df listed in attribute 'zerodf' of the wald table.
Terms with zero df listed in attribute 'zerodf' of the wald table.
Terms with zero df listed in attribute 'zerodf' of the wald table.
Terms with zero df listed in attribute 'zerodf' of the wald table.
Terms with zero df listed in attribute 'zerodf' of the wald table.
Terms with zero df listed in attribute 'zerodf' of the wald table.
Terms with zero df listed in attribute 'zerodf' of the wald table.
Terms with zero df listed in attribute 'zerodf' of the wald table.
Terms with zero df listed in attribute 'zerodf' of the wald table.
Terms with zero df listed in attribute 'zerodf' of the wald table.
Terms with zero df listed in attribute 'zerodf' of the wald table.
Terms with zero df listed in attribute 'zerodf' of the wald table.
Terms with zero df listed in attribute 'zerodf' of the wald table.
Terms with zero df listed in attribute 'zerodf' of the wald table.
Terms with zero df listed in attribute 'zerodf' of the wald table.
Terms with zero df listed in attribute 'zerodf' of the wald table.
Terms with zero df listed in attribute 'zerodf' of the wald table.
Terms with zero df listed in attribute 'zerodf' of the wald table.
Terms with zero df listed in attribute 'zerodf' of the wald table.
Terms with zero df listed in attribute 'zerodf' of the wald table.
Terms with zero df listed in attribute 'zerodf' of the wald table.
Terms with zero df listed in attribute 'zerodf' of the wald table.
Terms with zero df listed in attribute 'zerodf' of the wald table.
Terms with zero df listed in attribute 'zerodf' of the wald table.
Terms with zero df listed in attribute 'zerodf' of the wald table.
Terms with zero df listed in attribute 'zerodf' of the wald table.
Terms with zero df listed in attribute 'zerodf' of the wald table.
Terms with zero df listed in attribute 'zerodf' of the wald table.
Terms with zero df listed in attribute 'zerodf' of the wald table.
Terms with zero df listed in attribute 'zerodf' of the wald table.
Terms with zero df listed in attribute 'zerodf' of the wald table.
Terms with zero df listed in attribute 'zerodf' of the wald table.
Terms with zero df listed in attribute 'zerodf' of the wald table.
Terms with zero df listed in attribute 'zerodf' of the wald table.
Terms with zero df listed in attribute 'zerodf' of the wald table.
Terms with zero df listed in attribute 'zerodf' of the wald table.
Terms with zero df listed in attribute 'zerodf' of the wald table.
Terms with zero df listed in attribute 'zerodf' of the wald table.
Terms with zero df listed in attribute 'zerodf' of the wald table.
Terms with zero df listed in attribute 'zerodf' of the wald table.
Terms with zero df listed in attribute 'zerodf' of the wald table.
Terms with zero df listed in attribute 'zerodf' of the wald table.
Terms with zero df listed in attribute 'zerodf' of the wald table.
Terms with zero df listed in attribute 'zerodf' of the wald table.
Terms with zero df listed in attribute 'zerodf' of the wald table.
Terms with zero df listed in attribute 'zerodf' of the wald table.
Terms with zero df listed in attribute 'zerodf' of the wald table.
Terms with zero df listed in attribute 'zerodf' of the wald table.
Terms with zero df listed in attribute 'zerodf' of the wald table.
Terms with zero df listed in attribute 'zerodf' of the wald table.
Terms with zero df listed in attribute 'zerodf' of the wald table.
Terms with zero df listed in attribute 'zerodf' of the wald table.
Terms with zero df listed in attribute 'zerodf' of the wald table.
Terms with zero df listed in attribute 'zerodf' of the wald table.
Terms with zero df listed in attribute 'zerodf' of the wald table.
Terms with zero df listed in attribute 'zerodf' of the wald table.
Terms with zero df listed in attribute 'zerodf' of the wald table.
Terms with zero df listed in attribute 'zerodf' of the wald table.
Terms with zero df listed in attribute 'zerodf' of the wald table.
Terms with zero df listed in attribute 'zerodf' of the wald table.
Terms with zero df listed in attribute 'zerodf' of the wald table.
Terms with zero df listed in attribute 'zerodf' of the wald table.
Terms with zero df listed in attribute 'zerodf' of the wald table.
Terms with zero df listed in attribute 'zerodf' of the wald table.
Terms with zero df listed in attribute 'zerodf' of the wald table.
Terms with zero df listed in attribute 'zerodf' of the wald table.
Terms with zero df listed in attribute 'zerodf' of the wald table.
Terms with zero df listed in attribute 'zerodf' of the wald table.
Terms with zero df listed in attribute 'zerodf' of the wald table.
Terms with zero df listed in attribute 'zerodf' of the wald table.
Terms with zero df listed in attribute 'zerodf' of the wald table.
Terms with zero df listed in attribute 'zerodf' of the wald table.
Terms with zero df listed in attribute 'zerodf' of the wald table.
Terms with zero df listed in attribute 'zerodf' of the wald table.
Terms with zero df listed in attribute 'zerodf' of the wald table.
Terms with zero df listed in attribute 'zerodf' of the wald table.
Terms with zero df listed in attribute 'zerodf' of the wald table.
Terms with zero df listed in attribute 'zerodf' of the wald table.
Terms with zero df listed in attribute 'zerodf' of the wald table.
Terms with zero df listed in attribute 'zerodf' of the wald table.
Terms with zero df listed in attribute 'zerodf' of the wald table.
Terms with zero df listed in attribute 'zerodf' of the wald table.
Terms with zero df listed in attribute 'zerodf' of the wald table.
Terms with zero df listed in attribute 'zerodf' of the wald table.
Terms with zero df listed in attribute 'zerodf' of the wald table.
Terms with zero df listed in attribute 'zerodf' of the wald table.
Terms with zero df listed in attribute 'zerodf' of the wald table.
Terms with zero df listed in attribute 'zerodf' of the wald table.
Terms with zero df listed in attribute 'zerodf' of the wald table.
Terms with zero df listed in attribute 'zerodf' of the wald table.
Terms with zero df listed in attribute 'zerodf' of the wald table.
Terms with zero df listed in attribute 'zerodf' of the wald table.
Terms with zero df listed in attribute 'zerodf' of the wald table.
Terms with zero df listed in attribute 'zerodf' of the wald table.
Terms with zero df listed in attribute 'zerodf' of the wald table.
Terms with zero df listed in attribute 'zerodf' of the wald table.
Terms with zero df listed in attribute 'zerodf' of the wald table.
Terms with zero df listed in attribute 'zerodf' of the wald table.
Terms with zero df listed in attribute 'zerodf' of the wald table.
Terms with zero df listed in attribute 'zerodf' of the wald table.
Terms with zero df listed in attribute 'zerodf' of the wald table.
Terms with zero df listed in attribute 'zerodf' of the wald table.
Terms with zero df listed in attribute 'zerodf' of the wald table.
Terms with zero df listed in attribute 'zerodf' of the wald table.
Terms with zero df listed in attribute 'zerodf' of the wald table.
Terms with zero df listed in attribute 'zerodf' of the wald table.
Terms with zero df listed in attribute 'zerodf' of the wald table.
Terms with zero df listed in attribute 'zerodf' of the wald table.
Terms with zero df listed in attribute 'zerodf' of the wald table.
Terms with zero df listed in attribute 'zerodf' of the wald table.
Terms with zero df listed in attribute 'zerodf' of the wald table.
Terms with zero df listed in attribute 'zerodf' of the wald table.
Terms with zero df listed in attribute 'zerodf' of the wald table.
Terms with zero df listed in attribute 'zerodf' of the wald table.
Terms with zero df listed in attribute 'zerodf' of the wald table.
Terms with zero df listed in attribute 'zerodf' of the wald table.
Terms with zero df listed in attribute 'zerodf' of the wald table.
Terms with zero df listed in attribute 'zerodf' of the wald table.
Terms with zero df listed in attribute 'zerodf' of the wald table.
Terms with zero df listed in attribute 'zerodf' of the wald table.
Terms with zero df listed in attribute 'zerodf' of the wald table.
Terms with zero df listed in attribute 'zerodf' of the wald table.
Terms with zero df listed in attribute 'zerodf' of the wald table.
Terms with zero df listed in attribute 'zerodf' of the wald table.
Terms with zero df listed in attribute 'zerodf' of the wald table.
Terms with zero df listed in attribute 'zerodf' of the wald table.
Terms with zero df listed in attribute 'zerodf' of the wald table.
Terms with zero df listed in attribute 'zerodf' of the wald table.
Terms with zero df listed in attribute 'zerodf' of the wald table.
Terms with zero df listed in attribute 'zerodf' of the wald table.
Terms with zero df listed in attribute 'zerodf' of the wald table.
Terms with zero df listed in attribute 'zerodf' of the wald table.
Terms with zero df listed in attribute 'zerodf' of the wald table.
Terms with zero df listed in attribute 'zerodf' of the wald table.
Terms with zero df listed in attribute 'zerodf' of the wald table.
Terms with zero df listed in attribute 'zerodf' of the wald table.
Terms with zero df listed in attribute 'zerodf' of the wald table.
Terms with zero df listed in attribute 'zerodf' of the wald table.
Terms with zero df listed in attribute 'zerodf' of the wald table.
Terms with zero df listed in attribute 'zerodf' of the wald table.
Terms with zero df listed in attribute 'zerodf' of the wald table.
Terms with zero df listed in attribute 'zerodf' of the wald table.
Terms with zero df listed in attribute 'zerodf' of the wald table.
Terms with zero df listed in attribute 'zerodf' of the wald table.
Terms with zero df listed in attribute 'zerodf' of the wald table.
Terms with zero df listed in attribute 'zerodf' of the wald table.
Terms with zero df listed in attribute 'zerodf' of the wald table.
Terms with zero df listed in attribute 'zerodf' of the wald table.
Terms with zero df listed in attribute 'zerodf' of the wald table.
Terms with zero df listed in attribute 'zerodf' of the wald table.
Terms with zero df listed in attribute 'zerodf' of the wald table.
Terms with zero df listed in attribute 'zerodf' of the wald table.
Terms with zero df listed in attribute 'zerodf' of the wald table.
Terms with zero df listed in attribute 'zerodf' of the wald table.
Terms with zero df listed in attribute 'zerodf' of the wald table.
Terms with zero df listed in attribute 'zerodf' of the wald table.
Terms with zero df listed in attribute 'zerodf' of the wald table.
Terms with zero df listed in attribute 'zerodf' of the wald table.
Terms with zero df listed in attribute 'zerodf' of the wald table.
Terms with zero df listed in attribute 'zerodf' of the wald table.
Terms with zero df listed in attribute 'zerodf' of the wald table.
Terms with zero df listed in attribute 'zerodf' of the wald table.
Terms with zero df listed in attribute 'zerodf' of the wald table.
Terms with zero df listed in attribute 'zerodf' of the wald table.
Terms with zero df listed in attribute 'zerodf' of the wald table.
Terms with zero df listed in attribute 'zerodf' of the wald table.
Terms with zero df listed in attribute 'zerodf' of the wald table.
Terms with zero df listed in attribute 'zerodf' of the wald table.
Terms with zero df listed in attribute 'zerodf' of the wald table.
Terms with zero df listed in attribute 'zerodf' of the wald table.
Terms with zero df listed in attribute 'zerodf' of the wald table.
Terms with zero df listed in attribute 'zerodf' of the wald table.
Terms with zero df listed in attribute 'zerodf' of the wald table.
Terms with zero df listed in attribute 'zerodf' of the wald table.
Terms with zero df listed in attribute 'zerodf' of the wald table.
Terms with zero df listed in attribute 'zerodf' of the wald table.
Terms with zero df listed in attribute 'zerodf' of the wald table.
Terms with zero df listed in attribute 'zerodf' of the wald table.
Terms with zero df listed in attribute 'zerodf' of the wald table.
Terms with zero df listed in attribute 'zerodf' of the wald table.
Terms with zero df listed in attribute 'zerodf' of the wald table.
Terms with zero df listed in attribute 'zerodf' of the wald table.
Terms with zero df listed in attribute 'zerodf' of the wald table.
Terms with zero df listed in attribute 'zerodf' of the wald table.
Terms with zero df listed in attribute 'zerodf' of the wald table.
Terms with zero df listed in attribute 'zerodf' of the wald table.
Terms with zero df listed in attribute 'zerodf' of the wald table.
Terms with zero df listed in attribute 'zerodf' of the wald table.
Terms with zero df listed in attribute 'zerodf' of the wald table.
Terms with zero df listed in attribute 'zerodf' of the wald table.
Terms with zero df listed in attribute 'zerodf' of the wald table.
Terms with zero df listed in attribute 'zerodf' of the wald table.
Terms with zero df listed in attribute 'zerodf' of the wald table.
Terms with zero df listed in attribute 'zerodf' of the wald table.
Terms with zero df listed in attribute 'zerodf' of the wald table.
Terms with zero df listed in attribute 'zerodf' of the wald table.
Terms with zero df listed in attribute 'zerodf' of the wald table.
Terms with zero df listed in attribute 'zerodf' of the wald table.
Terms with zero df listed in attribute 'zerodf' of the wald table.
Terms with zero df listed in attribute 'zerodf' of the wald table.
Terms with zero df listed in attribute 'zerodf' of the wald table.
Terms with zero df listed in attribute 'zerodf' of the wald table.
Terms with zero df listed in attribute 'zerodf' of the wald table.
Terms with zero df listed in attribute 'zerodf' of the wald table.
Terms with zero df listed in attribute 'zerodf' of the wald table.
Terms with zero df listed in attribute 'zerodf' of the wald table.
Terms with zero df listed in attribute 'zerodf' of the wald table.
Terms with zero df listed in attribute 'zerodf' of the wald table.
Terms with zero df listed in attribute 'zerodf' of the wald table.
Terms with zero df listed in attribute 'zerodf' of the wald table.
Terms with zero df listed in attribute 'zerodf' of the wald table.
Terms with zero df listed in attribute 'zerodf' of the wald table.
Terms with zero df listed in attribute 'zerodf' of the wald table.
Terms with zero df listed in attribute 'zerodf' of the wald table.
Terms with zero df listed in attribute 'zerodf' of the wald table.
Terms with zero df listed in attribute 'zerodf' of the wald table.
Terms with zero df listed in attribute 'zerodf' of the wald table.
Terms with zero df listed in attribute 'zerodf' of the wald table.
Terms with zero df listed in attribute 'zerodf' of the wald table.
Terms with zero df listed in attribute 'zerodf' of the wald table.
Terms with zero df listed in attribute 'zerodf' of the wald table.
Terms with zero df listed in attribute 'zerodf' of the wald table.
Terms with zero df listed in attribute 'zerodf' of the wald table.
Terms with zero df listed in attribute 'zerodf' of the wald table.
Terms with zero df listed in attribute 'zerodf' of the wald table.
Terms with zero df listed in attribute 'zerodf' of the wald table.
Terms with zero df listed in attribute 'zerodf' of the wald table.
Terms with zero df listed in attribute 'zerodf' of the wald table.
Terms with zero df listed in attribute 'zerodf' of the wald table.
Terms with zero df listed in attribute 'zerodf' of the wald table.
Terms with zero df listed in attribute 'zerodf' of the wald table.
Terms with zero df listed in attribute 'zerodf' of the wald table.
Terms with zero df listed in attribute 'zerodf' of the wald table.
Terms with zero df listed in attribute 'zerodf' of the wald table.
Terms with zero df listed in attribute 'zerodf' of the wald table.
Terms with zero df listed in attribute 'zerodf' of the wald table.
Terms with zero df listed in attribute 'zerodf' of the wald table.
Terms with zero df listed in attribute 'zerodf' of the wald table.
Terms with zero df listed in attribute 'zerodf' of the wald table.
Terms with zero df listed in attribute 'zerodf' of the wald table.
Terms with zero df listed in attribute 'zerodf' of the wald table.
Terms with zero df listed in attribute 'zerodf' of the wald table.
Terms with zero df listed in attribute 'zerodf' of the wald table.
Terms with zero df listed in attribute 'zerodf' of the wald table.
Terms with zero df listed in attribute 'zerodf' of the wald table.
Terms with zero df listed in attribute 'zerodf' of the wald table.
Terms with zero df listed in attribute 'zerodf' of the wald table.
Terms with zero df listed in attribute 'zerodf' of the wald table.
Terms with zero df listed in attribute 'zerodf' of the wald table.
Terms with zero df listed in attribute 'zerodf' of the wald table.
Terms with zero df listed in attribute 'zerodf' of the wald table.
Terms with zero df listed in attribute 'zerodf' of the wald table.
Terms with zero df listed in attribute 'zerodf' of the wald table.
Terms with zero df listed in attribute 'zerodf' of the wald table.
Terms with zero df listed in attribute 'zerodf' of the wald table.
Terms with zero df listed in attribute 'zerodf' of the wald table.
Terms with zero df listed in attribute 'zerodf' of the wald table.
Terms with zero df listed in attribute 'zerodf' of the wald table.
Terms with zero df listed in attribute 'zerodf' of the wald table.
Terms with zero df listed in attribute 'zerodf' of the wald table.
Terms with zero df listed in attribute 'zerodf' of the wald table.
Terms with zero df listed in attribute 'zerodf' of the wald table.
Terms with zero df listed in attribute 'zerodf' of the wald table.
Terms with zero df listed in attribute 'zerodf' of the wald table.
Terms with zero df listed in attribute 'zerodf' of the wald table.
Terms with zero df listed in attribute 'zerodf' of the wald table.
Terms with zero df listed in attribute 'zerodf' of the wald table.
Terms with zero df listed in attribute 'zerodf' of the wald table.
Terms with zero df listed in attribute 'zerodf' of the wald table.
Terms with zero df listed in attribute 'zerodf' of the wald table.
Terms with zero df listed in attribute 'zerodf' of the wald table.
Terms with zero df listed in attribute 'zerodf' of the wald table.
Terms with zero df listed in attribute 'zerodf' of the wald table.
Terms with zero df listed in attribute 'zerodf' of the wald table.
Terms with zero df listed in attribute 'zerodf' of the wald table.
Terms with zero df listed in attribute 'zerodf' of the wald table.
Terms with zero df listed in attribute 'zerodf' of the wald table.
Terms with zero df listed in attribute 'zerodf' of the wald table.
Terms with zero df listed in attribute 'zerodf' of the wald table.
Terms with zero df listed in attribute 'zerodf' of the wald table.
Terms with zero df listed in attribute 'zerodf' of the wald table.
Terms with zero df listed in attribute 'zerodf' of the wald table.
Terms with zero df listed in attribute 'zerodf' of the wald table.
Terms with zero df listed in attribute 'zerodf' of the wald table.
Terms with zero df listed in attribute 'zerodf' of the wald table.
Terms with zero df listed in attribute 'zerodf' of the wald table.
Terms with zero df listed in attribute 'zerodf' of the wald table.
Terms with zero df listed in attribute 'zerodf' of the wald table.
Terms with zero df listed in attribute 'zerodf' of the wald table.
Terms with zero df listed in attribute 'zerodf' of the wald table.
Terms with zero df listed in attribute 'zerodf' of the wald table.
Terms with zero df listed in attribute 'zerodf' of the wald table.
Terms with zero df listed in attribute 'zerodf' of the wald table.
Terms with zero df listed in attribute 'zerodf' of the wald table.
Terms with zero df listed in attribute 'zerodf' of the wald table.
Terms with zero df listed in attribute 'zerodf' of the wald table.
Terms with zero df listed in attribute 'zerodf' of the wald table.
Terms with zero df listed in attribute 'zerodf' of the wald table.
Terms with zero df listed in attribute 'zerodf' of the wald table.
Terms with zero df listed in attribute 'zerodf' of the wald table.
Terms with zero df listed in attribute 'zerodf' of the wald table.
Terms with zero df listed in attribute 'zerodf' of the wald table.
Terms with zero df listed in attribute 'zerodf' of the wald table.
Terms with zero df listed in attribute 'zerodf' of the wald table.
Terms with zero df listed in attribute 'zerodf' of the wald table.
Terms with zero df listed in attribute 'zerodf' of the wald table.
Terms with zero df listed in attribute 'zerodf' of the wald table.
Terms with zero df listed in attribute 'zerodf' of the wald table.
